Samp,StructID_noflag,SampType,Idnum,Pop,in_het_introgress,h_introgress,h_lower,h_upper,class_nh_50,SPB_stru,SMB_stru,NEO_stru
NeoRef33,NEOSMB,refNEO,,,,,,,,,,
NeoRef34,NEOSMB,refNEO,,,,,,,,,,
NeoRef35,NEOSMB,refNEO,,,,,,,,,,
NeoRef36,NEOSMB,refNEO,,,,,,,,,,
NeoRef37,NEOSMB,refNEO,,,,,,,,,,
NeoRef38,NEOSMB,refNEO,,,,,,,,,,
NeoRef39,NEOSMB,refNEO,,,,,,,,,,
NeoRef40,NEOSMB,refNEO,,,,,,,,,,
NeoRef41,NEOSMB,refNEO,,,,,,,,,,
NeoRef42,NEOSMB,refNEO,,,,,,,,,,
NeoRef43,NEOSMB,refNEO,,,,,,,,,,
NeoRef44,NEOSMB,refNEO,,,,,,,,,,
TnStrain1,TNSMB,refTNSMB,,,,,,,,,,
TnStrain2,TNSMB,refTNSMB,,,,,,,,,,
TnStrain3,TNSMB,refTNSMB,,,,,,,,,,
TnStrain4,TNSMB,refTNSMB,,,,,,,,,,
TnStrain5,TNSMB,refTNSMB,,,,,,,,,,
TnStrain6,TNSMB,refTNSMB,,,,,,,,,,
TnStrain7,TNSMB,refTNSMB,,,,,,,,,,
TnStrain8,TNSMB,refTNSMB,,,,,,,,,,
TnStrain9,TNSMB,refTNSMB,,,,,,,,,,
TnStrain10,TNSMB,refTNSMB,,,,,,,,,,
TnStrain11,TNSMB,refTNSMB,,,,,,,,,,
TnStrain12,TNSMB,refTNSMB,,,,,,,,,,
TnStrain13,TNSMB,refTNSMB,,,,,,,,,,
TnStrain14,TNSMB,refTNSMB,,,,,,,,,,
TnStrain15,TNSMB,refTNSMB,,,,,,,,,,
TnStrain16,TNSMB,refTNSMB,,,,,,,,,,
TnStrain17,TNSMB,refTNSMB,,,,,,,,,,
TnStrain18,TNSMB,refTNSMB,,,,,,,,,,
TnStrain19,TNSMB,refTNSMB,,,,,,,,,,
TnStrain20,TNSMB,refTNSMB,,,,,,,,,,
TnStrain21,TNSMB,refTNSMB,,,,,,,,,,
TnStrain22,TNSMB,refTNSMB,,,,,,,,,,
TnStrain23,TNSMB,refTNSMB,,,,,,,,,,
TnStrain24,TNSMB,refTNSMB,,,,,,,,,,
TnStrain25,TNSMB,refTNSMB,,,,,,,,,,
TnStrain26,TNSMB,refTNSMB,,,,,,,,,,
TnStrain27,TNSMB,refTNSMB,,,,,,,,,,
TnStrain28,TNSMB,refTNSMB,,,,,,,,,,
TnStrain29,TNSMB,refTNSMB,,,,,,,,,,
TnStrain30,TNSMB,refTNSMB,,,,,,,,,,
TnStrain31,TNSMB,refTNSMB,,,,,,,,,,
TnStrain32,TNSMB,refTNSMB,,,,,,,,,,
1_1_TNKR-01,TNSMB,wildpop,75,1,0.166666667,1,0.6233315,1,SMB,0.004,0.989,0.007
2_1_TNKR-02,TNSMB,wildpop,76,1,0.2,0.9842896,0.532748,1,SMB,0.0092,0.9848,0.006
3_1_TNKR-03,TNSMB,wildpop,77,1,0.5,0.8678928,0.5508046,0.9922367,SMB,0.006,0.983,0.011
4_1_TNKR-04,TNSMB,wildpop,78,1,0.666666667,0.7854591,0.4247088,0.9831241,SMB,0.0048,0.9832,0.012
5_1_TNKR-05,TNSMB,wildpop,79,1,0.285714286,0.8419068,0.5788597,0.9731707,BCSMB,0.0041,0.9559,0.04
6_1_TNKR-06,TNSMB,wildpop,80,1,0.166666667,1,0.8092689,1,SMB,0.005,0.991,0.004
7_1_TNKR-07,TNSMB,wildpop,81,1,0.285714286,0.8310506,0.5083481,0.9884911,SMB,0.005,0.972,0.023
8_1_TNKR-08,TNSMB,wildpop,82,1,0,1,0.7695438,1,SMB,0.0328,0.9622,0.005
9_1_TNKR-09,TNSMB,wildpop,83,1,0.333333333,1,0.7753555,1,SMB,0.005,0.99,0.005
10_1_TNKR-10,TNSMB,wildpop,84,1,0.166666667,1,0.7539475,1,SMB,0.0044,0.9866,0.009
11_1_TNKR-11,TNSMB,wildpop,85,1,0,1,0.7941003,1,SMB,0.0036,0.9914,0.005
12_1_TNKR-12,TNSMB,wildpop,86,1,0.166666667,1,0.7689991,1,SMB,0.004,0.9917,0.0043
13_1_TNKR-13,TNSMB,wildpop,87,1,0.285714286,0.9034,0.6441061,0.9945548,SMB,0.005,0.9864,0.0086
14_1_TNKR-14,TNSMB,wildpop,88,1,0.5,0.7377988,0.3746077,0.9532981,F2,0.0648,0.8933,0.0419
16_1_TNKR-16,TNSMB,wildpop,90,1,0.4,0.9516991,0.4624237,1,SMB,0.02,0.96,0.02
17_1_TNKR-17,TNSMB,wildpop,91,1,0.2,1,0.7691936,1,SMB,0.007,0.9877,0.0053
18_1_TNKR-18,TNSMB,wildpop,92,1,0,1,0.8073678,1,SMB,0.005,0.991,0.004
19_1_TNKR-19,TNSMB,wildpop,93,1,0,1,0.8100863,1,SMB,0.003,0.994,0.003
20_1_TNKR-20,TNSMB,wildpop,94,1,0.333333333,1,0.5451823,1,SMB,0.004,0.984,0.012
21_1_TNKR-21,TNSMB,wildpop,95,1,0.5,0.9834361,0.5924319,1,SMB,0.005,0.9803,0.0147
22_1_TNKR-22,TNSMB,wildpop,96,1,0.142857143,1,0.8427554,1,SMB,0.005,0.991,0.004
23_1_TNKR-23,TNSMB,wildpop,97,1,0.166666667,1,0.6366252,1,SMB,0.004,0.99,0.006
24_1_TNKR-24,TNSMB,wildpop,98,1,0.166666667,1,0.6848329,1,SMB,0.0048,0.9882,0.007
25_1_TNKR-25,TNSMB,wildpop,99,1,0.166666667,1,0.8132748,1,SMB,0.004,0.992,0.004
26_1_TNKR-26,TNSMB,wildpop,100,1,0.4,0.9253269,0.4239845,1,SMB,0.005,0.9681,0.0269
27_1_TNKR-27,TNSMB,wildpop,101,1,0.4,0.8852656,0.5792644,0.9936088,,0.0722,0.9208,0.007
28_1_TNKR-28,TNSMB,wildpop,102,1,0.2,1,0.7581941,1,SMB,0.0076,0.9877,0.0047
29_1_TNKR-29,TNSMB,wildpop,103,1,0.142857143,1,0.7983703,1,SMB,0.004,0.992,0.004
30_1_TNKR-30,TNSMB,wildpop,104,1,0.428571429,1,0.7899401,1,SMB,0.004,0.992,0.004
31_1_TNKR-31,TNSMB,wildpop,105,1,0.166666667,0.6791273,0.3318083,0.9318861,F2,0.0232,0.9261,0.0507
32_1_TNKR-32,TNSMB,wildpop,106,1,0.5,0.7839791,0.4766986,0.9607678,BCSMB,0.005,0.9138,0.0812
33_2_GLVR_004,BC NEOSMB x TNSMB,wildpop,107,2,0.666666667,0.3877904,0.1067358,0.7672892,BCNEO,0.008,0.1932,0.7988
34_2_GLVR_007,NEOSMB,wildpop,108,2,0.2,0.4096497,0.1130292,0.8073692,BCNEO,0.007,0.0974,0.8955
35_2_GLVR_009,BC TNSMB x NEOSMB,wildpop,109,2,0.714285714,0.6203746,0.3067287,0.8954817,F2,0.005,0.7706,0.2244
36_2_GLVR_010,NEOSMB,wildpop,110,2,0.5,0.3595565,0.0908491,0.7010877,BCNEO,0.008,0.055,0.937
37_2_GLVR_017,BC NEOSMB x TNSMB,wildpop,111,2,0.6,0.4130596,0.11514,0.7953716,BCNEO,0.006,0.1086,0.8854
38_2_GLVR_018,TNSMB,wildpop,112,2,0,1,0.8116168,1,SMB,0.006,0.991,0.003
39_2_SPRMO_023,NEOSMB,wildpop,113,2,0.8,0.3851579,0.0881871,0.7766,BCNEO,0.005,0.0539,0.9411
40_2_SPRMO_024,F1 NEOSMB x TNSMB,wildpop,114,2,0.5,0.4196556,0.1524169,0.7219754,F2,0.005,0.4011,0.5939
41_2_SPRMO_025,F1 NEOSMB x TNSMB,wildpop,115,2,0.714285714,0.53334,0.244842,0.8105329,F2,0.004,0.5503,0.4457
42_2_SPRMO_027,TNSMB,wildpop,116,2,0.166666667,1,0.7913091,1,SMB,0.004,0.992,0.004
43_2_SPRMO_028,NEOSMB,wildpop,117,2,0.4,0.2474562,0.0435444,0.6032986,NEO,0.0156,0.0199,0.9645
44_2_SPRMO_030,NEOSMB,wildpop,118,2,0.142857143,0,0,0.1750732,NEO,0.003,0.004,0.993
45_2_SPRMO_032,NEOSMB,wildpop,119,2,0.4,0.1852975,0.0158929,0.5215023,BCNEO,0.0101,0.0749,0.915
46_2_SPRMO_033,NEOSMB,wildpop,120,2,0,0,0,0.1676436,NEO,0.003,0.004,0.993
47_2_SPRMO_034,NEOSMB,wildpop,121,2,0.166666667,0,0,0.2700302,NEO,0.005,0.005,0.99
48_2_SPRMO_035,NEOSMB,wildpop,122,2,0.333333333,0.141779,0.0086046,0.4694798,NEO,0.007,0.009,0.984
49_2_SPRMO_036,TNSMB,wildpop,123,2,0.428571429,0.8987333,0.6352456,0.9942331,SMB,0.004,0.9878,0.0082
50_2_SPRMO_037,TNSMB,wildpop,124,2,0.5,0.8513183,0.5332234,0.9903205,SMB,0.0055,0.9835,0.011
51_2_SPRMO_039,BC NEOSMB x TNSMB,wildpop,125,2,0.2,0.2995625,0.0594974,0.6544898,F2,0.0097,0.2454,0.7449
52_2_SPRMO_040,NEOSMB,wildpop,126,2,0,0,0,0.1834332,NEO,0.0104,0.0048,0.9848
54_2_SPRMO_042,NEOSMB,wildpop,128,2,0.285714286,0,0,0.2713663,NEO,0.003,0.008,0.989
55_2_SPRMO_043,NEOSMB,wildpop,129,2,0,0,0,0.2002088,NEO,0.0063,0.004,0.9897
56_2_SPRMO_044,TNSMB,wildpop,130,2,0,1,0.7998276,1,SMB,0.006,0.989,0.005
58_2_SPRMO_050,NEOSMB,wildpop,132,2,0.833333333,0.2765599,0.0244556,0.6745086,BCNEO,0.0073,0.0653,0.9274
59_3_SPRMO_001,F1 NEOSMB x TNSMB,wildpop,133,3,0.714285714,0.5096935,0.2097104,0.7939369,F2,0.006,0.4664,0.5276
60_3_SPRMO_002,NEOSMB,wildpop,134,3,0,0,0,0.3508385,BCNEO,0.01,0.0161,0.9739
61_3_SPRMO_003,BC NEOSMB x TNSMB,wildpop,135,3,0.142857143,0.4077801,0.1308424,0.7398163,F2,0.014,0.2296,0.7564
62_3_SPRMO_004,BC NEOSMB x TNSMB,wildpop,136,3,0.571428571,0.4386457,0.1623716,0.7391038,BCNEO,0.009,0.2236,0.7674
63_3_SPRMO_005,NEOSMB,wildpop,137,3,0,0,0,0.4657396,NEO,0.011,0.0067,0.9823
64_3_SPRMO_006,TNSMB,wildpop,138,3,0.285714286,1,0.8037301,1,SMB,0.0033,0.9907,0.006
65_3_SPRMO_007,BC NEOSMB x TNSMB,wildpop,139,3,0.5,0.3002887,0.0807421,0.6258463,BCNEO,0.006,0.1303,0.8637
66_3_SPRMO_008,TNSMB,wildpop,140,3,0,1,0.8554835,1,SMB,0.004,0.993,0.003
67_3_SPRMO_009,TNSMB,wildpop,141,3,0,1,0.8295598,1,SMB,0.005,0.9918,0.0032
68_3_SPRMO_010,F1 NEOSMB x TNSMB,wildpop,142,3,0.333333333,0.5423053,0.2397912,0.834475,F2,0.0076,0.6116,0.3808
69_3_SPRMO_011,BC TNSMB x NEOSMB,wildpop,143,3,0.666666667,0.6964326,0.3787261,0.9172667,F2,0.006,0.8334,0.1606
70_3_SPRMO_012,BC NEOSMB x TNSMB,wildpop,144,3,0.285714286,0.2881934,0.0734876,0.5882319,BCNEO,0.007,0.1221,0.8709
71_3_SPRMO_013,TNSMB,wildpop,145,3,0.285714286,0.7550282,0.4161467,0.9733776,,0.004,0.9667,0.0293
72_3_SPRMO_014,BC TNSMB x NEOSMB,wildpop,146,3,0.5,0.6941806,0.3301434,0.9399529,F2,0.006,0.869,0.125
73_3_SPRMO_015,NEOSMB,wildpop,147,3,0.285714286,0.202617,0.0351719,0.5145568,NEO,0.005,0.0076,0.9874
74_3_SPRMO_016,NEOSMB,wildpop,148,3,0.4,0.1531088,0.0087398,0.5324091,BCNEO,0.005,0.019,0.976
75_3_SPRMO_017,BC NEOSMB x TNSMB,wildpop,149,3,0.428571429,0.3858116,0.1189807,0.7134912,F2,0.007,0.2307,0.7623
76_3_SPRMO_018,NEOSMB,wildpop,150,3,0.285714286,0.2747222,0.0548371,0.6129716,BCNEO,0.008,0.011,0.981
77_3_SPRMO_019,F1 NEOSMB x TNSMB,wildpop,151,3,0.571428571,0.5011723,0.2098694,0.7963114,F2,0.006,0.3777,0.6163
78_3_SPRMO_020,F1 NEOSMB x TNSMB,wildpop,152,3,0.428571429,0.6130605,0.2998281,0.8787007,F2,0.004,0.6444,0.3516
79_3_SPRMO_021,TNSMB,wildpop,153,3,0.333333333,1,0.7104374,1,SMB,0.005,0.988,0.007
80_3_SPRMO_022,F1 NEOSMB x TNSMB,wildpop,154,3,0.142857143,0.6020855,0.2772079,0.8918959,F2,0.004,0.6243,0.3717
81_4_NOIS_001,F1 NEOSMB x TNSMB,wildpop,155,4,0.714285714,0.5963838,0.3079614,0.8495935,,0.005,0.6103,0.3847
82_4_NOIS_002,BC NEOSMB x TNSMB,wildpop,156,4,0.142857143,0.3136842,0.0604836,0.6397255,F2,0.007,0.1202,0.8728
83_4_NOIS_003,NEOSMB,wildpop,157,4,0.2,0,0,0.3549359,NEO,0.004,0.0191,0.9769
84_4_NOIS_004,F1 NEOSMB x TNSMB,wildpop,158,4,1,0.5560688,0.2372284,0.8485074,,0.0072,0.7048,0.288
85_4_NOIS_005,NEOSMB,wildpop,159,4,0.285714286,0,0,0.3556261,,0.0053,0.0193,0.9754
86_4_NOIS_006,NEOSMB,wildpop,160,4,0.285714286,0.2591813,0.0476449,0.6132424,BCNEO,0.005,0.0749,0.9201
87_4_NOIS_007,NEOSMB,wildpop,161,4,0.428571429,0.218492,0.0428166,0.5138801,BCNEO,0.005,0.0366,0.9584
88_4_NOIS_008,NEOSMB,wildpop,162,4,0.166666667,0,0,0.2305972,NEO,0.004,0.0081,0.9879
89_4_NOIS_009,BC TNSMB x NEOSMB,wildpop,163,4,0.6,0.8321155,0.4696256,0.989741,F2,0.006,0.8598,0.1342
90_4_NOIS_010,NEOSMB,wildpop,164,4,0.5,0.2719679,0.05237,0.6188984,BCNEO,0.0705,0.0839,0.8457
91_4_NOIS_011,NEOSMB,wildpop,165,4,0.166666667,0.1059887,0.0058242,0.4042939,NEO,0.0159,0.019,0.9651
92_4_NOIS_012,NEOSMB,wildpop,166,4,0.2,0.261324,0.0474102,0.6139793,NEO,0.0139,0.016,0.9701
93_4_NOIS_013,TNSMB,wildpop,167,4,0.428571429,0.8566807,0.5394896,0.9908333,SMB,0.007,0.977,0.016
94_4_NOIS_014,NEOSMB,wildpop,168,4,0.166666667,0.1866753,0.0115996,0.5885507,,0.0035,0.0271,0.9694
95_4_NOIS_015,NEOSMB,wildpop,169,4,0.285714286,0.1805885,0.0142443,0.5054386,NEO,0.0049,0.017,0.9781
96_4_NOIS_016,NEOSMB,wildpop,170,4,0.285714286,0.3574735,0.1216373,0.6712819,NEO,0.006,0.008,0.986
97_4_NOIS_017,NEOSMB,wildpop,171,4,0.285714286,0.1229076,0.0073844,0.4192989,NEO,0.005,0.0063,0.9887
98_4_NOIS_018,NEOSMB,wildpop,172,4,0.6,0.2852537,0.060183,0.6182679,BCNEO,0.009,0.0462,0.9448
100_4_NOIS_020,NEOSMB,wildpop,174,4,0.333333333,0,0,0.2436685,NEO,0.004,0.004,0.992
101_4_NOIS_021,NEOSMB,wildpop,175,4,0.5,0.3874349,0.0888491,0.7479923,BCNEO,0.01,0.0215,0.9685
102_4_NOIS_022,F1 NEOSMB x TNSMB,wildpop,176,4,1,0.5496968,0.2431186,0.8402694,,0.005,0.6325,0.3625
103_4_NOIS_023,NEOSMB,wildpop,177,4,0,0,0,0.1672624,NEO,0.004,0.005,0.991
104_4_NOIS_024,NEOSMB,wildpop,178,4,0.166666667,0.3154841,0.0847859,0.6576511,F2,0.0091,0.0436,0.9473
105_4_NOIS_025,BC NEOSMB x TNSMB,wildpop,179,4,0.571428571,0.3437114,0.0981569,0.6816894,BCNEO,0.005,0.1114,0.8836
106_4_NOIS_026,NEOSMB,wildpop,180,4,0,0,0,0.2471945,NEO,0.006,0.0097,0.9843
107_4_NOIS_027,NEOSMB,wildpop,181,4,0.5,0.2728542,0.0517242,0.6272558,BCNEO,0.004,0.0469,0.9491
108_4_NOIS_028,F1 NEOSMB x TNSMB,wildpop,182,4,0.666666667,0.542844,0.2239794,0.8426614,F2,0.005,0.6543,0.3407
109_4_NOIS_029,BC TNSMB x NEOSMB,wildpop,183,4,1,0.5635925,0.2213462,0.8810589,,0.005,0.7853,0.2097
110_4_NOIS_030,BC TNSMB x NEOSMB,wildpop,184,4,0.5,0.62994,0.3184115,0.8854535,F2,0.0066,0.8311,0.1623
111_4_NOIS_031,BC NEOSMB x TNSMB,wildpop,185,4,0.285714286,0.3591234,0.1130652,0.677389,F2,0.008,0.1715,0.8205
112_4_NOIS_032,NEOSMB,wildpop,186,4,0.25,0,0,0.6147601,BCNEO,0.005,0.0375,0.9575
113_4_NOIS_033,F1 NEOSMB x TNSMB,wildpop,187,4,0.666666667,0.3577332,0.1093834,0.6807969,BCNEO,0.006,0.3773,0.6167
114_4_NOIS_035,NEOSMB,wildpop,188,4,0.333333333,0.197807,0.0339964,0.510287,BCNEO,0.006,0.0458,0.9482
115_4_NOIS_036,F1 NEOSMB x TNSMB,wildpop,189,4,0.6,0.4302445,0.0980527,0.8574517,F2,0.011,0.6417,0.3473
116_4_NOIS_037,F1 NEOSMB x TNSMB,wildpop,190,4,0.142857143,0.3637863,0.1048964,0.6831855,F2,0.0047,0.3139,0.6814
117_4_NOIS_038,NEOSMB,wildpop,191,4,0.333333333,0.1934393,0.0332175,0.5003854,NEO,0.005,0.007,0.988
118_4_NOIS_039,NEOSMB,wildpop,192,4,0.333333333,0.1934393,0.0332175,0.5003854,NEO,0.004,0.006,0.99
119_4_NOIS_040,NEOSMB,wildpop,193,4,0,0,0,0.1529548,NEO,0.011,0.004,0.985
120_4_NOIS_041,NEOSMB,wildpop,194,4,0.25,0,0,0.3925079,NEO,0.0085,0.006,0.9855
121_4_NOIS_042,NEOSMB,wildpop,195,4,0.6,0.3026158,0.0545831,0.7058442,NEO,0.006,0.0127,0.9813
122_4_NOIS_043,F1 NEOSMB x TNSMB,wildpop,196,4,0.833333333,0.6235254,0.3196465,0.8782287,F2,0.005,0.7183,0.2767
125_4_NOIS_046,F1 NEOSMB x TNSMB,wildpop,197,4,0.428571429,0.4821578,0.2047132,0.7627908,F2,0.0131,0.5227,0.4642
126_4_NOIS_047,F1 NEOSMB x TNSMB,wildpop,198,4,0.333333333,0.4287027,0.0725473,0.8046339,F2,0.0084,0.6227,0.3689
127_4_NOIS_048,TNSMB,wildpop,199,4,0.285714286,0.6847966,0.3842235,0.9089908,F2,0.009,0.8997,0.0913
128_4_NOIS_049,F1 NEOSMB x TNSMB,wildpop,200,4,0.333333333,0.4131639,0.1231288,0.7681336,F2,0.0055,0.5701,0.4244
129_4_NOIS_050,NEOSMB,wildpop,201,4,0.285714286,0.1758156,0.0121689,0.5091192,,0.0094,0.0412,0.9494
130_5_BFORK_001,NEOSMB,wildpop,202,5,0.142857143,0,0,0.1819217,NEO,0.003,0.004,0.993
131_5_BFORK_002,NEOSMB,wildpop,203,5,0,0,0,0.1622089,NEO,0.003,0.0035,0.9935
132_5_BFORK_003,NEOSMB,wildpop,204,5,0.166666667,0.2461653,0.0471155,0.5735247,NEO,0.007,0.0106,0.9824
133_5_BFORK_004,NEOSMB,wildpop,205,5,0.142857143,0,0,0.1662787,NEO,0.0088,0.0032,0.988
134_5_BFORK_005,NEOSMB,wildpop,206,5,0.142857143,0.0297857,0,0.390918,NEO,0.004,0.0165,0.9795
135_5_BFORK_006,NEOSMB,wildpop,207,5,0.166666667,0,0,0.1962946,NEO,0.003,0.004,0.993
136_5_BFORK_007,NEOSMB,wildpop,208,5,0.333333333,0.09511,0,0.4975261,NEO,0.005,0.011,0.984
137_5_BFORK_008,NEOSMB,wildpop,209,5,0.5,0.1959165,0.033828,0.5014121,BCNEO,0.005,0.0111,0.9839
138_5_BFORK_009,BC TNSMB x NEOSMB,wildpop,210,5,0.666666667,0.5496968,0.2431186,0.8402694,F2,0.005,0.7564,0.2386
139_5_BFORK_010,NEOSMB,wildpop,211,5,0.166666667,0,0,0.1856225,NEO,0.003,0.0037,0.9933
140_5_BFORK_011,NEOSMB,wildpop,212,5,0.166666667,0.3275683,0.0886497,0.6717208,BCNEO,0.01,0.015,0.975
141_6_BFORK_033,NEOSMB,wildpop,213,6,0,0,0,0.2351231,NEO,0.004,0.004,0.992
142_6_BFORK_034,NEOSMB,wildpop,214,6,0,0,0,0.1505035,NEO,0.003,0.003,0.994
143_6_BFORK_035,NEOSMB,wildpop,215,6,0,0,0,0.1866293,NEO,0.004,0.01,0.986
144_6_BFORK_036,NEOSMB,wildpop,216,6,0.333333333,0.1871791,0.0320472,0.4878193,NEO,0.004,0.009,0.987
145_6_BFORK_037,NEOSMB,wildpop,217,6,0.285714286,0.0897878,0.0049075,0.3495904,NEO,0.004,0.012,0.984
146_6_BFORK_038,NEOSMB,wildpop,218,6,0.142857143,0,0,0.1750732,NEO,0.003,0.0041,0.9929
147_6_BFORK_039,F1 NEOSMB x TNSMB,wildpop,219,6,0.428571429,0.5022361,0.2184367,0.7834861,F2,0.0067,0.4681,0.5252
148_6_BFORK_040,NEOSMB,wildpop,220,6,0,0,0,0.1773192,NEO,0.003,0.0032,0.9938
149_6_BFORK_041,NEOSMB,wildpop,221,6,0.285714286,0,0,0.2749394,NEO,0.005,0.009,0.986
150_6_BFORK_042,NEOSMB,wildpop,222,6,0,0,0,0.2299132,NEO,0.003,0.004,0.993
151_6_BFORK_043,NEOSMB,wildpop,223,6,0.285714286,0.150021,0.0253672,0.4031264,NEO,0.0071,0.007,0.9859
152_6_BFORK_044,NEOSMB,wildpop,224,6,0.166666667,0,0,0.2037445,NEO,0.003,0.003,0.994
153_7_BFORK_021,NEOSMB,wildpop,225,7,0.428571429,0.1908811,0.0327243,0.4956594,BCNEO,0.0043,0.0349,0.9608
154_7_BFORK_022,NEOSMB,wildpop,226,7,0.166666667,0.0997448,0.0054686,0.3838802,NEO,0.0152,0.0099,0.9749
155_7_BFORK_023,NEOSMB,wildpop,227,7,0.285714286,0.1041258,0.005776,0.3903562,NEO,0.003,0.006,0.991
156_7_BFORK_024,NEOSMB,wildpop,228,7,0.428571429,0.3867477,0.1548756,0.66797,BCNEO,0.011,0.079,0.91
157_7_BFORK_025,NEOSMB,wildpop,229,7,0.166666667,0.0697639,0,0.469569,NEO,0.004,0.0149,0.9811
158_7_BFORK_026,NEOSMB,wildpop,230,7,0.142857143,0,0,0.1544276,NEO,0.008,0.0039,0.9881
159_7_BFORK_027,NEOSMB,wildpop,231,7,0,0,0,0.2299132,NEO,0.003,0.004,0.993
160_7_BFORK_028,NEOSMB,wildpop,232,7,0,0,0,0.2137221,NEO,0.003,0.004,0.993
161_7_BFORK_029,F1 NEOSMB x TNSMB,wildpop,233,7,0.571428571,0.4383122,0.1715952,0.7329048,F2,0.0041,0.3787,0.6172
162_7_BFORK_030,NEOSMB,wildpop,234,7,0.25,0,0,0.3296765,NEO,0.005,0.007,0.988
163_7_BFORK_031,NEOSMB,wildpop,235,7,0.142857143,0,0,0.241951,NEO,0.003,0.006,0.991
164_7_BFORK_032,NEOSMB,wildpop,236,7,0.333333333,0,0,0.3413832,NEO,0.003,0.006,0.991
165_8_BFORK_012,NEOSMB,wildpop,237,8,0.166666667,0,0,0.2257085,NEO,0.0111,0.0041,0.9848
166_8_BFORK_013,NEOSMB,wildpop,238,8,0.142857143,0,0,0.1755262,NEO,0.003,0.004,0.993
167_8_BFORK_014,NEOSMB,wildpop,239,8,0,0,0,0.1484594,NEO,0.003,0.003,0.994
168_8_BFORK_015,NEOSMB,wildpop,240,8,0.142857143,0,0,0.2138442,NEO,0.003,0.005,0.992
169_8_BFORK_016,NEOSMB,wildpop,241,8,0.2,0,0,0.2444436,NEO,0.004,0.004,0.992
170_8_BFORK_017,NEOSMB,wildpop,242,8,0.166666667,0,0,0.2424119,NEO,0.004,0.004,0.992
171_8_BFORK_018,NEOSMB,wildpop,243,8,0.166666667,0.1057201,0.0058084,0.4035133,BCNEO,0.006,0.021,0.973
172_8_BFORK_019,NEOSMB,wildpop,244,8,0.166666667,0,0,0.2173636,NEO,0.004,0.004,0.992
173_8_BFORK_047,NEOSMB,wildpop,245,8,0.166666667,0,0,0.2077179,NEO,0.003,0.004,0.993
174_8_BFORK_048,NEOSMB,wildpop,246,8,0.333333333,0.1052732,0.0058653,0.3900399,NEO,0.004,0.0056,0.9904
175_8_BFORK_049,NEOSMB,wildpop,247,8,0,0,0,0.1939335,NEO,0.004,0.004,0.992
176_8_BFORK_020,NEOSMB,wildpop,248,8,0.2,0,0,0.294766,NEO,0.016,0.0062,0.9778
177_9_CANEY_031,F1 NEOSMB x TNSMB,wildpop,249,9,0.333333333,0.394541,0.0920263,0.7795928,F2,0.006,0.2958,0.6982
178_9_CANEY_033,NEOSMB,wildpop,250,9,0.428571429,0.2407135,0.0486325,0.5551969,BCNEO,0.005,0.038,0.957
179_9_CANEY_034,TNSMB,wildpop,251,9,0.666666667,0.7599786,0.3840661,0.9793793,,0.012,0.9547,0.0333
180_9_CANEY_035,NEOSMB,wildpop,252,9,0.285714286,0.1824403,0.0310401,0.4818883,BCNEO,0.004,0.017,0.979
181_9_CANEY_036,NEOSMB,wildpop,253,9,0.166666667,0.1033465,0.0056757,0.3951997,BCNEO,0.004,0.0173,0.9787
182_9_CANEY_037,NEOSMB,wildpop,254,9,0.333333333,0.0722295,0,0.4291767,BCNEO,0.0077,0.0391,0.9532
183_9_CANEY_038,NEOSMB,wildpop,255,9,0,0,0,0.1899509,NEO,0.004,0.004,0.992
184_9_CANEY_039,F1 NEOSMB x TNSMB,wildpop,256,9,0.5,0.4554764,0.1585394,0.7838194,F2,0.0218,0.6464,0.3318
185_9_CANEY_040,NEOSMB,wildpop,257,9,0.142857143,0.0817761,0.004453,0.322397,NEO,0.004,0.004,0.992
186_9_CANEY_043,BC NEOSMB x TNSMB,wildpop,258,9,0.4,0.4645681,0.1324242,0.8315396,BCNEO,0.0156,0.1921,0.7923
187_9_CANEY_044,NEOSMB,wildpop,259,9,0.166666667,0.095888,0.0052551,0.3696854,NEO,0.004,0.005,0.991
188_9_CANEY_045,NEOSMB,wildpop,260,9,0,0,0,0.190461,NEO,0.003,0.0032,0.9938
189_9_GRSPB_055,NEOSMB,wildpop,261,9,0.142857143,0,0,0.1662787,NEO,0.003,0.004,0.993
191_9_GRSPB_057,NEOSMB,wildpop,262,9,0.166666667,0.2313413,0.0410962,0.5660911,,0.004,0.0171,0.9789
192_9_GRSPB_058,BC NEOSMB x TNSMB,wildpop,263,9,0.285714286,0.2932838,0.0705101,0.6073606,F2,0.008,0.1216,0.8705
193_9_GRSPB_059,NEOSMB,wildpop,264,9,0.428571429,0.1676285,0.0133665,0.4709051,BCNEO,0.006,0.0189,0.9751
194_9_GRSPB_060,NEOSMB,wildpop,265,9,0.166666667,0,0,0.1898389,NEO,0.003,0.004,0.993
195_9_GRSPB_061,NEOSMB,wildpop,266,9,0.142857143,0,0,0.2567858,NEO,0.004,0.009,0.987
197_9_GRSPB_063,NEOSMB,wildpop,267,9,0.166666667,0.1054054,0.0057884,0.4031209,BCNEO,0.009,0.0143,0.9767
198_9_GRSPB_064,NEOSMB,wildpop,268,9,0.142857143,0,0,0.2572562,NEO,0.003,0.006,0.991
199_9_GRSPB_065,NEOSMB,wildpop,269,9,0.285714286,0.0124216,0,0.334901,NEO,0.004,0.0071,0.9889
200_9_GRSPB_066,NEOSMB,wildpop,270,9,0.5,0.3058832,0.0825962,0.6323357,BCNEO,0.005,0.016,0.979
201_9_GRSPB_067,NEOSMB,wildpop,271,9,0,0,0,0.1950002,BCNEO,0.004,0.01,0.986
202_9_GRSPB_068,NEOSMB,wildpop,272,9,0.142857143,0,0,0.2021209,NEO,0.004,0.004,0.992
203_10_CANEY_001,NEOSMB,wildpop,273,10,0.166666667,0,0,0.2998647,NEO,0.0068,0.006,0.9872
204_10_CANEY_002,NEOSMB,wildpop,274,10,0.142857143,0,0,0.1755262,NEO,0.003,0.004,0.993
205_10_CANEY_003,NEOSMB,wildpop,275,10,0.142857143,0.1523886,0.009698,0.4814619,BCNEO,0.006,0.012,0.982
206_10_CANEY_004,NEOSMB,wildpop,276,10,0.571428571,0.2782516,0.0666935,0.5811443,BCNEO,0.006,0.0472,0.9468
207_10_CANEY_005,NEOSMB,wildpop,277,10,0.142857143,0,0,0.1844994,NEO,0.003,0.004,0.993
208_10_CANEY_006,NEOSMB,wildpop,278,10,0,0,0,0.2018873,NEO,0.004,0.004,0.992
209_10_CANEY_007,NEOSMB,wildpop,279,10,0.428571429,0,0,0.317797,NEO,0.004,0.008,0.988
210_10_CANEY_008,NEOSMB,wildpop,280,10,0,0,0,0.1807622,NEO,0.004,0.0046,0.9914
211_10_CANEY_009,NEOSMB,wildpop,281,10,0.285714286,0.0008015,0,0.2736612,NEO,0.004,0.007,0.989
212_10_CANEY_010,NEOSMB,wildpop,282,10,0.285714286,0.0947334,0.0052338,0.3595174,BCNEO,0.007,0.0137,0.9793
213_10_CANEY_011,NEOSMB,wildpop,283,10,0.333333333,0.0683088,0,0.4635831,NEO,0.004,0.01,0.986
214_10_CANEY_012,NEOSMB,wildpop,284,10,0.166666667,0,0,0.3158421,NEO,0.004,0.009,0.987
215_10_CANEY_013,NEOSMB,wildpop,285,10,0,0,0,0.2018873,NEO,0.004,0.004,0.992
216_10_CANEY_014,NEOSMB,wildpop,286,10,0.142857143,0.0868803,0.0047366,0.3409812,NEO,0.003,0.004,0.993
217_10_CANEY_015,NEOSMB,wildpop,287,10,0.285714286,0.2207696,0,0.5762842,BCNEO,0.0093,0.0626,0.9281
218_10_CANEY_016,NEOSMB,wildpop,288,10,0.142857143,0.0860835,0.0046939,0.337654,NEO,0.004,0.0101,0.9859
219_10_CANEY_017,NEOSMB,wildpop,289,10,0,0,0,0.309353,NEO,0.006,0.004,0.99
220_10_CANEY_018,NEOSMB,wildpop,290,10,0.285714286,0.1736577,0.0295417,0.4591197,NEO,0.0046,0.0129,0.9825
221_10_CANEY_019,NEOSMB,wildpop,291,10,0.142857143,0,0,0.1983907,NEO,0.003,0.005,0.992
222_10_CANEY_020,NEOSMB,wildpop,292,10,0.333333333,0.1571831,0.0124567,0.4662451,BCNEO,0.005,0.0273,0.9677
223_10_CANEY_021,NEOSMB,wildpop,293,10,0,0,0,0.1667116,NEO,0.003,0.003,0.994
224_10_CANEY_022,NEOSMB,wildpop,294,10,0.285714286,0.1109009,0.0061602,0.4142639,NEO,0.004,0.005,0.991
225_10_CANEY_023,NEOSMB,wildpop,295,10,0.142857143,0,0,0.1669832,NEO,0.003,0.004,0.993
226_10_CANEY_024,NEOSMB,wildpop,296,10,0,0,0,0.1807622,NEO,0.003,0.004,0.993
227_10_CANEY_025,NEOSMB,wildpop,297,10,0.285714286,0.1200615,0.0070606,0.417489,NEO,0.005,0.007,0.988
228_10_CANEY_026,NEOSMB,wildpop,298,10,0.166666667,0.1078846,0.0059268,0.4118801,NEO,0.0038,0.004,0.9922
229_10_CANEY_027,BC NEOSMB x TNSMB,wildpop,299,10,0.833333333,0.4426995,0.1437952,0.7669622,BCNEO,0.006,0.1913,0.8027
230_10_CANEY_029,NEOSMB,wildpop,300,10,0.428571429,0.2062125,0.0377376,0.5030909,BCNEO,0.0079,0.0828,0.9093
231_10_CANEY_030,NEOSMB,wildpop,301,10,0.142857143,0,0,0.2021209,NEO,0.005,0.004,0.991
232_11_GRSPB_011,NEOSMB,wildpop,302,11,0.142857143,0,0,0.1876891,NEO,0.003,0.004,0.993
233_11_GRSPB_013,NEOSMB,wildpop,303,11,0,0,0,0.2299132,NEO,0.003,0.003,0.994
234_11_GRSPB_014,NEOSMB,wildpop,304,11,0,0,0,0.1598171,NEO,0.003,0.003,0.994
235_11_GRSPB_015,NEOSMB,wildpop,305,11,0,0,0,0.3190026,NEO,0.006,0.005,0.989
236_11_GRSPB_016,NEOSMB,wildpop,306,11,0,0,0,0.1866293,NEO,0.01,0.0035,0.9865
237_11_GRSPB_017,NEOSMB,wildpop,307,11,0.166666667,0,0,0.2125834,NEO,0.003,0.005,0.992
238_11_GRSPB_018,NEOSMB,wildpop,308,11,0,0,0,0.1622089,NEO,0.003,0.0037,0.9933
239_11_GRSPB_019,NEOSMB,wildpop,309,11,0.166666667,0,0,0.2772961,NEO,0.004,0.004,0.992
240_11_GRSPB_021,NEOSMB,wildpop,310,11,0,0,0,0.16468,NEO,0.003,0.004,0.993
241_11_GRSPB_022,NEOSMB,wildpop,311,11,0.142857143,0,0,0.1844994,NEO,0.0035,0.004,0.9925
242_11_GRSPB_023,NEOSMB,wildpop,312,11,0.333333333,0.2019893,0.0347132,0.5210351,BCNEO,0.028,0.0471,0.9249
243_11_GRSPB_024,NEOSMB,wildpop,313,11,0,0,0,0.1764064,NEO,0.003,0.004,0.993
244_11_GRSPB_025,NEOSMB,wildpop,314,11,0,0,0,0.2232705,NEO,0.004,0.004,0.992
245_11_GRSPB_026,NEOSMB,wildpop,315,11,0,0,0,0.16468,NEO,0.003,0.004,0.993
247_11_GRSPB_028,NEOSMB,wildpop,316,11,0,0,0,0.1834332,NEO,0.004,0.004,0.992
248_11_GRSPB_029,NEOSMB,wildpop,317,11,0.142857143,0,0,0.2213025,NEO,0.004,0.004,0.992
249_11_GRSPB_030,NEOSMB,wildpop,318,11,0,0,0,0.1773192,NEO,0.003,0.003,0.994
250_12_GRSPB_001,NEOSMB,wildpop,319,12,0,0,0,0.1622089,NEO,0.003,0.003,0.994
251_12_GRSPB_002,NEOSMB,wildpop,320,12,0,0,0,0.1676436,NEO,0.003,0.004,0.993
252_12_GRSPB_003,NEOSMB,wildpop,321,12,0,0,0,0.1577489,NEO,0.012,0.004,0.984
253_12_GRSPB_004,NEOSMB,wildpop,322,12,0,0,0,0.1676436,NEO,0.003,0.004,0.993
254_12_GRSPB_005,NEOSMB,wildpop,323,12,0,0,0,0.16468,NEO,0.003,0.004,0.993
255_12_GRSPB_006,NEOSMB,wildpop,324,12,0.142857143,0.0885342,0.0048282,0.3470304,NEO,0.003,0.004,0.993
256_12_GRSPB_007,NEOSMB,wildpop,325,12,0,0,0,0.1594431,NEO,0.003,0.004,0.993
257_12_GRSPB_008,NEOSMB,wildpop,326,12,0,0,0,0.1939335,NEO,0.0035,0.004,0.9925
258_12_GRSPB_009,NEOSMB,wildpop,327,12,0.166666667,0,0,0.1888721,NEO,0.003,0.004,0.993
259_12_GRSPB_010,NEOSMB,wildpop,328,12,0,0,0,0.1975499,NEO,0.009,0.005,0.986
260_12_GRSPB_069,NEOSMB,wildpop,329,12,0.166666667,0,0,0.2077179,NEO,0.003,0.004,0.993
261_12_GRSPB_070,NEOSMB,wildpop,330,12,0,0,0,0.1622089,NEO,0.003,0.0035,0.9935
262_12_GRSPB_071,NEOSMB,wildpop,331,12,0.142857143,0,0,0.1727526,NEO,0.012,0.004,0.984
263_12_GRSPB_072,NEOSMB,wildpop,332,12,0.166666667,0,0,0.1962946,NEO,0.003,0.004,0.993
264_12_GRSPB_073,NEOSMB,wildpop,333,12,0.142857143,0,0,0.2262367,NEO,0.004,0.004,0.992
265_12_GRSPB_074,NEOSMB,wildpop,334,12,0.142857143,0,0,0.1618811,NEO,0.003,0.004,0.993
266_12_GRSPB_075,NEOSMB,wildpop,335,12,0,0,0,0.2351231,NEO,0.004,0.004,0.992
267_12_GRSPB_076,NEOSMB,wildpop,336,12,0,0,0,0.16468,NEO,0.003,0.004,0.993
268_12_GRSPB_077,NEOSMB,wildpop,337,12,0.428571429,0.1479657,0.011478,0.4441344,BCNEO,0.004,0.0334,0.9626
269_12_GRSPB_078,NEOSMB,wildpop,338,12,0,0,0,0.1622089,NEO,0.003,0.003,0.994
270_12_GRSPB_079,NEOSMB,wildpop,339,12,0,0,0,0.1807622,NEO,0.003,0.003,0.994
271_12_GRSPB_082,NEOSMB,wildpop,340,12,0,0,0,0.1899509,NEO,0.003,0.004,0.993
272_12_GRSPB_083,NEOSMB,wildpop,341,12,0,0,0,0.1975499,NEO,0.003,0.004,0.993
273_12_GRSPB_084,NEOSMB,wildpop,342,12,0,0,0,0.1939335,NEO,0.003,0.004,0.993