Samp,StructID_noflag,SampType,Idnum,Pop,1_in_het_introgress,1_h_introgress,2_in_het_introgress,2_h_introgress,3_in_het_introgress,3_h_introgress,class_nh_50,FLB_LMB_stru,ALB_stru,REB_stru,CHB_stru,SHB_stru,Newhyb Run1?,Newhybs1_assign,Newhyb Run2?,Newhybs2_assign,Newhyb Run3?,Newhybs3_assign,No Newhyb?,MSA_05,MSA_06,MSA_08,MSA_09,MSA_10,MSA_12,MSA_13,MSA_17,MSA_22,MSA_24,MSA_25,MSA_27,MSA_28,MSA_29,MSA_31,MSA_32,,,,,,,,,,,,,,,,
FWC_FLB_1,LMBFLB,refLMBFLB,,,,,,,,,,0.9878,0.0052,0.002,0.003,0.002,,,,,,,,120,130,100,100,116,116,113,129,122,122,180,180,188,188,85,91,171,183,112,116,199,201,120,148,180,192,138,140,236,236,289,301
FWC_FLB_2,LMBFLB,refLMBFLB,,,,,,,,,,0.9957,0.001,0.001,0.0013,0.001,,,,,,,,128,158,100,100,116,118,127,129,128,128,180,180,186,186,87,93,161,169,112,112,199,199,128,146,192,194,150,152,236,236,261,295
FWC_FLB_3,LMBFLB,refLMBFLB,,,,,,,,,,0.993,0.002,0.001,0.002,0.002,,,,,,,,120,146,102,102,116,118,117,129,124,128,180,180,188,188,85,87,169,171,112,112,199,201,130,130,180,196,140,146,236,236,285,285
FWC_FLB_4,LMBFLB,refLMBFLB,,,,,,,,,,0.9818,0.0102,0.001,0.002,0.005,,,,,,,,120,120,100,106,118,118,119,127,124,134,180,180,186,186,89,95,159,167,112,112,199,199,128,150,180,188,138,150,-9,-9,285,295
FWC_FLB_5,LMBFLB,refLMBFLB,,,,,,,,,,0.994,0.002,0.002,0.001,0.001,,,,,,,,120,130,100,102,118,120,127,129,124,128,180,184,188,188,85,85,169,187,112,112,199,201,146,156,192,194,144,146,236,236,261,291
FWC_FLB_6,LMBFLB,refLMBFLB,,,,,,,,,,0.9949,0.0021,0.001,0.001,0.001,,,,,,,,120,134,100,102,118,118,113,129,124,128,180,180,188,188,85,87,159,171,112,112,199,199,120,128,180,194,146,148,236,236,285,293
FWC_FLB_7,LMBFLB,refLMBFLB,,,,,,,,,,0.9919,0.002,0.002,0.0021,0.002,,,,,,,,120,134,100,102,118,120,119,127,124,128,180,180,188,188,85,95,163,197,114,116,199,199,128,156,188,194,140,144,236,236,285,289
FWC_FLB_8,LMBFLB,refLMBFLB,,,,,,,,,,0.99,0.003,0.002,0.001,0.004,,,,,,,,120,138,100,100,118,118,119,129,126,134,170,180,186,186,87,95,159,183,112,114,199,199,148,156,192,194,140,146,236,236,287,289
FWC_FLB_9,LMBFLB,refLMBFLB,,,,,,,,,,0.994,0.002,0.001,0.001,0.002,,,,,,,,120,128,102,102,118,120,119,129,124,134,180,180,-9,-9,85,89,159,183,112,112,199,201,120,136,194,198,142,152,236,236,281,285
FWC_FLB_10,LMBFLB,refLMBFLB,,,,,,,,,,0.9731,0.002,0.0021,0.004,0.0188,,,,,,,,128,144,100,102,118,118,127,127,128,134,180,180,188,188,93,95,167,183,112,114,199,199,120,158,188,196,146,146,236,236,287,289
FWC_FLB_11,LMBFLB,refLMBFLB,,,,,,,,,,0.992,0.002,0.001,0.002,0.003,,,,,,,,128,148,100,102,118,118,117,129,124,132,180,180,186,188,87,95,171,171,112,116,199,199,126,148,188,188,144,146,236,236,287,299
FWC_FLB_12,LMBFLB,refLMBFLB,,,,,,,,,,0.996,0.001,0.001,0.001,0.001,,,,,,,,120,120,100,102,118,118,127,127,124,128,170,180,186,186,89,95,161,161,112,114,199,199,124,152,190,192,120,146,236,236,279,291
FWC_FLB_13,LMBFLB,refLMBFLB,,,,,,,,,,0.9842,0.008,0.002,0.0028,0.003,,,,,,,,130,156,100,108,120,120,127,129,128,132,170,180,188,188,87,87,171,183,112,116,199,199,120,126,188,194,148,152,236,236,287,307
FWC_FLB_14,LMBFLB,refLMBFLB,,,,,,,,,,0.993,0.003,0.001,0.001,0.002,,,,,,,,128,130,100,102,118,118,117,129,128,132,170,180,188,188,87,87,161,197,112,116,199,199,120,156,190,190,146,150,236,236,285,285
FWC_FLB_15,LMBFLB,refLMBFLB,,,,,,,,,,0.9914,0.004,0.001,0.0016,0.002,,,,,,,,120,120,102,102,118,120,129,129,128,134,180,180,186,186,85,95,159,159,114,114,199,201,120,128,188,192,146,146,236,236,291,293
FWC_FLB_16,LMBFLB,refLMBFLB,,,,,,,,,,0.9864,0.0069,0.0027,0.002,0.002,,,,,,,,120,138,100,104,118,120,127,129,128,134,180,180,188,188,85,93,161,161,114,116,199,199,120,148,180,192,138,148,236,236,279,295
FWC_FLB_17,LMBFLB,refLMBFLB,,,,,,,,,,0.9949,0.0011,0.001,0.001,0.002,,,,,,,,120,120,102,102,120,120,127,129,124,134,180,180,186,186,85,91,173,183,112,112,199,199,126,128,192,194,138,142,236,236,285,291
FWC_FLB_18,LMBFLB,refLMBFLB,,,,,,,,,,0.9939,0.002,0.0011,0.001,0.002,,,,,,,,128,134,102,102,120,120,117,129,124,128,170,180,186,186,87,89,161,171,112,114,199,201,128,158,180,188,138,144,236,236,285,305
FWC_FLB_19,LMBFLB,refLMBFLB,,,,,,,,,,0.994,0.002,0.001,0.002,0.001,,,,,,,,120,130,100,102,120,120,117,119,124,128,170,180,-9,-9,87,87,161,169,112,116,199,199,136,136,190,190,152,162,236,236,279,283
FWC_FLB_20,LMBFLB,refLMBFLB,,,,,,,,,,0.9882,0.0051,0.002,0.002,0.0027,,,,,,,,128,128,102,104,-9,-9,127,127,128,128,180,180,186,188,91,109,173,179,114,114,199,201,136,136,188,192,138,138,236,236,281,295
FWC_FLB_21,LMBFLB,refLMBFLB,,,,,,,,,,0.995,0.002,0.001,0.001,0.001,,,,,,,,120,120,100,106,116,116,129,129,124,128,180,180,186,186,87,95,171,175,112,112,199,199,106,124,192,192,136,136,236,236,291,291
FWC_FLB_22,LMBFLB,refLMBFLB,,,,,,,,,,0.994,0.002,0.001,0.002,0.001,,,,,,,,120,120,100,102,-9,-9,119,119,128,128,180,180,186,186,87,95,161,171,112,116,199,201,120,150,188,192,142,144,236,236,283,297
FWC_FLB_23,LMBFLB,refLMBFLB,,,,,,,,,,0.996,0.001,0.001,0.001,0.001,,,,,,,,120,120,100,100,118,118,117,129,120,128,170,180,186,186,87,101,173,183,112,112,201,201,124,130,188,192,142,150,236,236,261,291
FWC_FLB_24,LMBFLB,refLMBFLB,,,,,,,,,,0.991,0.004,0.002,0.002,0.001,,,,,,,,120,120,100,106,-9,-9,119,119,124,134,170,180,186,186,87,87,159,171,112,114,199,201,124,130,186,188,142,146,236,236,261,279
FWC_FLB_25,LMBFLB,refLMBFLB,,,,,,,,,,0.993,0.002,0.001,0.003,0.001,,,,,,,,120,128,98,100,-9,-9,117,119,116,120,180,180,186,186,89,109,159,179,112,116,199,201,128,148,190,192,136,136,236,236,261,297
FWC_FLB_26,LMBFLB,refLMBFLB,,,,,,,,,,0.9909,0.002,0.0021,0.002,0.003,,,,,,,,120,126,100,102,116,118,119,129,124,132,170,180,190,192,87,91,171,171,114,114,199,201,128,130,194,202,150,156,236,236,261,279
FWC_FLB_27,LMBFLB,refLMBFLB,,,,,,,,,,0.996,0.001,0.001,0.001,0.001,,,,,,,,120,120,100,102,118,118,119,127,120,124,170,180,186,186,87,89,171,173,112,112,199,201,124,168,188,188,-9,-9,236,236,261,283
FWC_FLB_28,LMBFLB,refLMBFLB,,,,,,,,,,0.99,0.004,0.002,0.002,0.002,,,,,,,,120,128,100,100,118,118,117,129,128,128,180,180,-9,-9,87,91,159,171,114,114,199,201,130,166,192,194,142,142,236,236,291,295
FWC_FLB_29,LMBFLB,refLMBFLB,,,,,,,,,,0.996,0.001,0.001,0.001,0.001,,,,,,,,120,120,100,100,118,118,119,129,128,134,170,180,-9,-9,87,87,161,173,112,112,199,201,160,160,188,192,136,140,236,236,291,291
FWC_FLB_30,LMBFLB,refLMBFLB,,,,,,,,,,0.9681,0.012,0.0061,0.0088,0.005,,,,,,,,120,120,100,100,118,118,119,129,128,134,180,180,186,186,87,95,171,179,112,114,199,199,106,160,188,194,136,150,238,238,261,261
FWC_FLB_31,LMBFLB,refLMBFLB,,,,,,,,,,0.995,0.001,0.001,0.002,0.001,,,,,,,,120,128,100,102,116,118,119,129,120,138,180,180,186,186,85,87,171,171,114,116,199,199,128,180,188,188,136,142,236,236,261,261
FWC_FLB_32,LMBFLB,refLMBFLB,,,,,,,,,,0.9904,0.002,0.002,0.0036,0.002,,,,,,,,120,128,98,100,-9,-9,119,129,120,134,170,170,188,192,87,91,161,171,114,114,199,199,128,152,188,196,144,156,236,236,291,297
FWC_FLB_33,LMBFLB,refLMBFLB,,,,,,,,,,0.9904,0.0046,0.002,0.002,0.001,,,,,,,,120,120,100,100,118,118,117,127,128,134,170,180,-9,-9,87,99,159,159,112,114,199,201,130,136,198,198,136,136,236,236,295,295
FWC_FLB_34,LMBFLB,refLMBFLB,,,,,,,,,,0.993,0.001,0.002,0.002,0.002,,,,,,,,128,148,102,102,116,116,127,127,124,128,180,180,188,188,91,93,171,173,112,112,199,199,128,162,188,192,146,162,236,236,261,279
FWC_FLB_35,LMBFLB,refLMBFLB,,,,,,,,,,0.995,0.001,0.002,0.001,0.001,,,,,,,,120,120,100,102,118,120,117,119,120,120,170,180,192,192,95,101,159,185,112,112,199,199,124,168,194,198,124,124,236,236,-9,-9
FWC_FLB_36,LMBFLB,refLMBFLB,,,,,,,,,,0.9933,0.002,0.002,0.0017,0.001,,,,,,,,120,120,100,100,118,118,119,129,128,132,170,170,188,194,87,87,173,173,114,116,199,201,148,158,192,196,150,152,236,236,281,289
FWC_FLB_37,LMBFLB,refLMBFLB,,,,,,,,,,0.993,0.002,0.001,0.001,0.003,,,,,,,,120,122,100,102,-9,-9,119,119,134,134,180,180,186,186,87,91,171,179,112,112,201,201,120,168,188,192,142,176,236,236,259,289
FWC_FLB_38,LMBFLB,refLMBFLB,,,,,,,,,,0.9927,0.0013,0.001,0.003,0.002,,,,,,,,120,120,100,102,116,116,119,129,116,134,170,180,186,186,91,91,175,183,112,116,201,201,136,136,188,188,142,194,236,236,263,279
FWC_FLB_39,LMBFLB,refLMBFLB,,,,,,,,,,0.9798,0.006,0.005,0.004,0.0052,,,,,,,,120,120,102,102,118,118,119,119,132,132,170,180,186,186,89,91,159,181,114,116,199,199,136,160,192,192,140,152,236,238,261,289
FWC_FLB_40,LMBFLB,refLMBFLB,,,,,,,,,,0.9584,0.0098,0.0088,0.017,0.006,,,,,,,,120,146,100,102,-9,-9,119,129,120,124,170,180,186,192,87,95,159,171,114,114,199,201,124,128,184,198,124,142,236,238,285,289
FWC_LMB_1,LMBFLB,refLMBFLB,,,,,,,,,,0.9954,0.0016,0.001,0.001,0.001,,,,,,,,120,120,102,102,118,118,129,129,120,130,180,180,-9,-9,89,111,173,173,112,112,199,199,124,124,192,218,142,154,236,236,267,293
FWC_LMB_2,LMBFLB,refLMBFLB,,,,,,,,,,0.995,0.001,0.001,0.001,0.002,,,,,,,,120,120,100,102,116,116,119,129,130,134,170,180,-9,-9,89,89,175,175,112,112,199,199,124,152,198,218,142,190,236,236,261,295
FWC_LMB_3,LMBFLB,refLMBFLB,,,,,,,,,,0.9863,0.003,0.0028,0.003,0.0049,,,,,,,,120,120,100,102,116,116,119,129,120,132,170,180,-9,-9,89,89,173,175,112,112,199,199,124,124,192,200,154,206,236,238,295,297
FWC_LMB_4,LMBFLB,refLMBFLB,,,,,,,,,,0.9911,0.001,0.002,0.002,0.0039,,,,,,,,120,120,102,102,116,116,119,129,120,132,170,180,-9,-9,87,89,175,175,112,114,199,199,114,181,190,220,154,164,236,236,261,267
FWC_LMB_5,LMBFLB,refLMBFLB,,,,,,,,,,0.994,0.002,0.001,0.001,0.002,,,,,,,,120,120,100,100,118,118,119,119,120,134,180,180,-9,-9,85,87,161,169,112,112,199,199,124,124,180,200,164,188,236,236,263,263
FWC_LMB_6,LMBFLB,refLMBFLB,,,,,,,,,,0.9939,0.002,0.0011,0.001,0.002,,,,,,,,120,120,102,102,118,118,129,129,120,132,180,180,-9,-9,89,89,173,179,112,112,199,201,124,124,180,218,154,154,236,236,261,309
FWC_LMB_7,LMBFLB,refLMBFLB,,,,,,,,,,0.991,0.003,0.001,0.003,0.002,,,,,,,,120,146,100,100,118,118,119,129,120,130,170,180,-9,-9,89,91,161,175,112,112,199,201,124,124,180,198,156,206,236,236,263,267
FWC_LMB_8,LMBFLB,refLMBFLB,,,,,,,,,,0.993,0.002,0.001,0.002,0.002,,,,,,,,120,120,102,102,118,118,119,129,120,130,180,180,-9,-9,89,89,175,175,112,112,199,201,124,156,202,218,154,154,236,236,315,333
FWC_LMB_9,LMBFLB,refLMBFLB,,,,,,,,,,0.993,0.002,0.001,0.002,0.002,,,,,,,,120,120,102,102,116,116,119,119,120,120,180,180,-9,-9,89,89,169,175,112,112,199,199,181,186,200,218,154,154,236,236,297,297
FWC_LMB_10,LMBFLB,refLMBFLB,,,,,,,,,,0.988,0.003,0.002,0.003,0.004,,,,,,,,120,122,100,102,116,116,119,129,130,130,170,180,-9,-9,89,89,171,175,112,114,199,199,124,144,180,192,142,154,236,236,295,315
FWC_LMB_11,LMBFLB,refLMBFLB,,,,,,,,,,0.9948,0.001,0.001,0.0012,0.002,,,,,,,,120,120,100,100,116,122,129,129,120,130,180,180,-9,-9,89,89,169,171,112,112,199,199,156,160,192,198,140,154,236,236,261,295
FWC_LMB_12,LMBFLB,refLMBFLB,,,,,,,,,,0.995,0.001,0.001,0.002,0.001,,,,,,,,120,120,100,100,116,120,129,129,120,120,170,170,-9,-9,89,89,173,175,112,112,199,199,144,170,204,218,154,154,236,236,263,315
FWC_LMB_13,LMBFLB,refLMBFLB,,,,,,,,,,0.9935,0.002,0.001,0.0015,0.002,,,,,,,,120,120,100,102,116,116,119,129,130,134,180,180,-9,-9,87,87,169,173,112,112,199,199,124,144,192,218,154,154,236,236,289,303
FWC_LMB_14,LMBFLB,refLMBFLB,,,,,,,,,,0.994,0.002,0.002,0.001,0.001,,,,,,,,120,120,100,102,118,118,119,119,120,130,170,180,-9,-9,87,87,169,175,112,112,199,201,124,124,198,202,154,186,236,236,293,309
FWC_LMB_15,LMBFLB,refLMBFLB,,,,,,,,,,0.9929,0.001,0.001,0.0031,0.002,,,,,,,,120,120,98,100,116,116,119,119,120,134,170,180,-9,-9,85,89,171,171,112,112,199,199,124,156,202,218,156,212,236,236,263,331
FWC_LMB_16,LMBFLB,refLMBFLB,,,,,,,,,,0.996,0.001,0.001,0.001,0.001,,,,,,,,120,120,102,102,118,118,129,129,120,132,170,170,-9,-9,89,89,173,175,112,112,199,201,124,180,192,202,138,156,236,236,261,261
FWC_LMB_17,LMBFLB,refLMBFLB,,,,,,,,,,0.992,0.002,0.001,0.002,0.003,,,,,,,,120,120,100,100,116,116,119,119,130,134,180,180,-9,-9,89,89,161,171,112,112,199,201,124,124,202,204,152,206,236,236,261,293
FWC_LMB_18,LMBFLB,refLMBFLB,,,,,,,,,,0.995,0.001,0.001,0.002,0.001,,,,,,,,120,120,100,100,116,116,119,129,120,134,170,180,-9,-9,89,113,171,175,112,112,199,199,170,180,194,220,142,206,236,236,283,303
FWC_LMB_19,LMBFLB,refLMBFLB,,,,,,,,,,0.9801,0.004,0.008,0.0039,0.004,,,,,,,,120,136,100,110,116,122,129,129,120,130,180,180,-9,-9,89,89,177,179,112,114,199,199,124,144,194,202,150,202,236,236,303,323
FWC_LMB_20,LMBFLB,refLMBFLB,,,,,,,,,,0.9865,0.004,0.004,0.0029,0.0026,,,,,,,,120,120,100,102,118,118,117,129,120,132,170,180,-9,-9,87,89,173,175,112,112,199,199,124,180,192,194,154,184,236,238,267,303
FWC_LMB_21,LMBFLB,refLMBFLB,,,,,,,,,,0.996,0.001,0.001,0.001,0.001,,,,,,,,120,120,102,102,118,118,119,119,120,120,170,180,-9,-9,89,89,161,173,112,112,199,201,162,181,192,202,140,154,236,236,263,263
FWC_LMB_22,LMBFLB,refLMBFLB,,,,,,,,,,0.9559,0.0331,0.002,0.003,0.006,,,,,,,,120,130,100,104,116,120,119,129,130,134,180,180,-9,-9,89,109,159,173,114,114,199,201,120,181,198,218,154,156,236,236,261,289
FWC_ALB_1,ALB,refALB,,,,,,,,,,0.001,0.991,0.002,0.003,0.003,,,,,,,,130,136,104,104,118,118,155,155,130,132,180,180,196,196,93,93,151,151,114,114,195,201,86,86,178,178,126,126,238,238,273,285
FWC_ALB_2,ALB,refALB,,,,,,,,,,0.001,0.9774,0.002,0.004,0.0156,,,,,,,,136,136,106,108,118,118,155,155,130,134,180,180,196,204,91,99,151,159,114,114,201,203,86,112,178,180,112,128,238,238,269,287
FWC_ALB_3,ALB,refALB,,,,,,,,,,0.005,0.9887,0.002,0.0013,0.003,,,,,,,,130,136,104,104,118,120,155,155,130,130,180,180,196,196,87,95,159,159,114,114,199,201,86,112,180,180,126,132,238,238,269,289
FWC_ALB_4,ALB,refALB,,,,,,,,,,0.002,0.9876,0.003,0.0044,0.003,,,,,,,,134,136,104,108,118,118,155,155,126,130,180,180,196,196,91,91,151,159,114,114,199,201,86,126,178,178,126,128,238,238,269,273
FWC_ALB_5,ALB,refALB,,,,,,,,,,0.002,0.9466,0.007,0.0064,0.038,,,,,,,,130,130,104,108,118,118,155,155,132,134,180,180,196,196,93,93,151,159,114,114,199,199,86,110,178,178,112,128,238,238,285,289
FWC_ALB_6,ALB,refALB,,,,,,,,,,0.001,0.992,0.002,0.002,0.003,,,,,,,,132,136,104,108,118,118,155,155,126,130,180,180,196,196,91,95,151,151,114,114,201,201,86,118,178,178,112,126,238,238,271,281
FWC_ALB_7,ALB,refALB,,,,,,,,,,0.001,0.995,0.001,0.001,0.002,,,,,,,,130,136,104,104,118,118,155,155,130,132,180,180,196,196,93,95,151,151,114,114,201,201,86,118,178,180,126,128,238,238,285,285
FWC_ALB_8,ALB,refALB,,,,,,,,,,0.001,0.993,0.002,0.001,0.003,,,,,,,,130,136,108,108,118,118,155,155,126,132,180,180,196,196,93,99,151,151,114,114,199,201,86,86,178,178,112,128,238,238,281,299
FWC_ALB_9,ALB,refALB,,,,,,,,,,0.004,0.968,0.004,0.003,0.021,,,,,,,,136,136,104,106,118,118,155,157,130,130,180,180,196,196,89,99,151,159,114,114,201,201,86,86,178,178,126,128,238,238,271,285
FWC_ALB_10,ALB,refALB,,,,,,,,,,0.001,0.9943,0.0015,0.001,0.0022,,,,,,,,130,132,106,106,118,118,155,155,126,132,180,180,196,196,87,99,159,159,114,114,199,199,86,108,178,178,126,126,238,238,285,297
FWC_ALB_11,ALB,refALB,,,,,,,,,,0.0608,0.8928,0.002,0.002,0.0424,,,,,,,,136,136,-9,-9,118,118,155,155,130,134,180,180,196,198,85,91,151,151,112,112,201,201,86,86,178,178,126,132,238,238,287,287
FWC_ALB_12,ALB,refALB,,,,,,,,,,0.001,0.9741,0.007,0.009,0.0089,,,,,,,,130,136,104,106,118,118,155,155,126,130,180,180,196,198,91,95,151,151,114,114,201,201,86,110,178,180,126,126,238,238,269,269
FWC_ALB_13,ALB,refALB,,,,,,,,,,0.002,0.991,0.003,0.002,0.002,,,,,,,,130,136,104,108,118,118,155,155,132,132,180,180,196,196,95,99,151,151,114,114,199,201,86,86,178,178,128,132,238,238,269,279
FWC_ALB_14,ALB,refALB,,,,,,,,,,0.002,0.9875,0.0024,0.002,0.0061,,,,,,,,130,136,104,104,118,118,155,155,126,138,180,180,198,200,95,99,159,159,114,114,201,201,86,86,178,178,126,128,238,238,289,301
FWC_ALB_15,ALB,refALB,,,,,,,,,,0.001,0.993,0.002,0.002,0.002,,,,,,,,130,130,104,104,118,118,155,155,130,132,180,180,196,198,93,99,151,151,114,114,195,199,108,118,178,178,112,130,238,238,269,295
FWC_ALB_16,ALB,refALB,,,,,,,,,,0.001,0.9871,0.0022,0.002,0.0077,,,,,,,,130,140,104,106,-9,-9,155,155,130,134,180,180,196,198,91,91,151,151,114,114,201,201,86,86,178,178,112,134,238,238,285,287
FWC_ALB_17,ALB,refALB,,,,,,,,,,0.001,0.991,0.002,0.002,0.004,,,,,,,,130,136,104,108,118,118,155,155,130,130,180,180,194,196,91,97,151,151,114,114,201,201,86,108,178,180,112,126,238,238,285,287
FWC_ALB_18,ALB,refALB,,,,,,,,,,0.002,0.9902,0.0028,0.002,0.003,,,,,,,,130,130,104,108,118,118,155,155,126,132,180,180,196,196,95,99,151,151,114,114,199,201,86,116,178,178,112,126,238,238,283,285
FWC_ALB_19,ALB,refALB,,,,,,,,,,0.002,0.9866,0.006,0.0024,0.003,,,,,,,,136,138,104,108,118,118,155,155,130,130,180,180,196,196,97,99,151,151,114,114,199,199,86,108,178,178,126,130,238,238,281,281
FWC_ALB_20,ALB,refALB,,,,,,,,,,0.001,0.992,0.003,0.002,0.002,,,,,,,,136,138,106,106,118,118,155,155,130,132,180,180,196,196,87,95,151,159,114,114,199,201,86,86,178,180,112,126,238,238,271,285
FWC_ALB_21,ALB,refALB,,,,,,,,,,0.001,0.984,0.004,0.006,0.005,,,,,,,,132,136,108,108,118,118,155,155,126,130,180,180,196,198,91,103,151,159,114,114,201,201,86,86,178,178,130,132,238,238,285,291
FWC_ALB_22,ALB,refALB,,,,,,,,,,0.001,0.9627,0.003,0.003,0.0303,,,,,,,,130,130,104,104,118,118,155,155,130,130,180,182,196,196,87,91,159,167,114,114,201,203,86,86,178,178,130,130,238,238,269,269
FWC_ALB_23,ALB,refALB,,,,,,,,,,0.001,0.9851,0.01,0.0019,0.002,,,,,,,,130,130,104,104,-9,-9,155,155,130,130,182,182,196,196,87,87,151,159,114,114,199,201,86,86,178,178,112,126,238,238,261,269
FWC_ALB_24,ALB,refALB,,,,,,,,,,0.001,0.995,0.001,0.001,0.002,,,,,,,,130,136,104,104,-9,-9,155,155,130,130,180,180,196,196,91,95,151,159,114,114,201,201,86,86,178,178,126,130,238,238,269,269
FWC_ALB_25,ALB,refALB,,,,,,,,,,0.001,0.995,0.001,0.001,0.002,,,,,,,,130,136,104,104,118,118,155,155,130,144,180,180,196,196,87,93,151,159,114,114,201,201,86,86,178,180,130,130,238,238,267,269
FWC_ALB_26,ALB,refALB,,,,,,,,,,0.001,0.995,0.001,0.001,0.002,,,,,,,,130,130,104,106,-9,-9,155,155,130,130,180,180,196,196,87,95,151,159,114,114,201,201,86,86,178,178,128,130,238,238,267,269
FWC_ALB_27,ALB,refALB,,,,,,,,,,0.001,0.995,0.001,0.001,0.002,,,,,,,,130,130,104,104,-9,-9,155,155,130,130,180,180,196,196,87,91,151,151,114,114,201,201,86,86,178,180,126,126,238,238,269,269
FWC_ALB_28,ALB,refALB,,,,,,,,,,0.001,0.986,0.01,0.001,0.002,,,,,,,,130,130,104,106,118,118,155,155,130,132,182,182,196,196,87,91,151,151,114,114,201,201,86,86,178,178,128,128,238,238,269,269
FWC_ALB_29,ALB,refALB,,,,,,,,,,0.001,0.993,0.003,0.001,0.002,,,,,,,,130,136,104,104,-9,-9,155,155,130,130,180,182,196,196,87,87,151,151,114,114,201,201,86,86,178,178,112,130,238,238,269,269
FWC_ALB_30,ALB,refALB,,,,,,,,,,0.001,0.9788,0.0162,0.002,0.002,,,,,,,,130,136,104,104,-9,-9,155,155,130,144,182,182,196,196,87,109,151,159,114,114,201,201,86,86,178,178,126,130,238,238,269,269
FWC_ALB_31,ALB,refALB,,,,,,,,,,0.001,0.995,0.001,0.001,0.002,,,,,,,,130,130,104,108,-9,-9,155,155,130,144,180,180,196,196,87,87,151,159,114,114,201,201,86,118,178,180,130,136,238,238,269,269
FWC_ALB_32,ALB,refALB,,,,,,,,,,0.0018,0.9781,0.002,0.002,0.0161,,,,,,,,130,136,104,104,-9,-9,155,155,130,130,180,180,196,196,91,95,159,167,114,114,201,201,86,86,178,178,130,130,238,238,261,291
FWC_ALB_33,ALB,refALB,,,,,,,,,,0.001,0.9954,0.001,0.001,0.0016,,,,,,,,130,130,104,106,-9,-9,155,155,130,130,180,180,196,196,87,87,151,151,114,114,199,201,86,86,178,180,112,126,238,238,269,269
FWC_ALB_34,ALB,refALB,,,,,,,,,,0.001,0.995,0.001,0.001,0.002,,,,,,,,130,130,104,104,-9,-9,155,155,130,130,180,180,196,196,87,87,151,159,114,114,201,201,86,86,178,180,126,128,238,238,261,269
FWC_ALB_35,ALB,refALB,,,,,,,,,,0.001,0.995,0.001,0.001,0.002,,,,,,,,130,130,104,104,-9,-9,155,155,130,130,180,180,196,196,87,91,151,159,114,114,199,201,86,86,178,178,124,128,238,238,269,269
FWC_ALB_36,ALB,refALB,,,,,,,,,,0.003,0.991,0.002,0.002,0.002,,,,,,,,130,130,104,104,-9,-9,155,155,130,130,180,180,196,196,91,95,159,173,114,114,199,201,86,86,178,180,128,128,238,238,261,269
FWC_ALB_37,ALB,refALB,,,,,,,,,,0.001,0.995,0.001,0.001,0.002,,,,,,,,130,130,104,106,-9,-9,155,155,130,132,180,180,196,196,87,91,151,159,114,114,199,201,86,86,178,178,126,126,238,238,269,269
FWC_ALB_38,ALB,refALB,,,,,,,,,,0.001,0.995,0.001,0.001,0.002,,,,,,,,130,130,104,106,-9,-9,155,155,130,132,180,180,196,196,87,95,151,151,114,114,201,201,86,86,178,178,126,128,238,238,269,269
FWC_ALB_39,ALB,refALB,,,,,,,,,,0.001,0.995,0.001,0.001,0.002,,,,,,,,132,136,104,104,-9,-9,155,155,144,144,180,180,196,196,87,91,151,151,114,114,199,201,86,86,178,178,128,130,238,238,261,269
FWC_ALB_40,ALB,refALB,,,,,,,,,,0.037,0.9579,0.0014,0.0017,0.002,,,,,,,,130,130,102,102,-9,-9,155,155,130,130,180,180,196,196,87,87,151,159,114,114,201,201,86,86,178,178,126,130,238,238,261,269
FWC_ALB_41,ALB,refALB,,,,,,,,,,0.001,0.995,0.001,0.001,0.002,,,,,,,,130,136,104,104,118,118,155,155,130,130,180,180,196,196,91,91,159,159,114,114,201,201,86,86,178,178,112,130,238,238,261,269
FWC_ALB_42,ALB,refALB,,,,,,,,,,0.013,0.9704,0.002,0.002,0.0126,,,,,,,,130,130,104,104,118,118,155,155,130,130,180,180,-9,-9,87,93,159,167,114,114,201,201,86,86,178,178,126,128,236,238,269,269
FWC_ALB_43,ALB,refALB,,,,,,,,,,0.001,0.993,0.002,0.002,0.002,,,,,,,,130,136,104,104,118,118,155,155,130,132,180,180,196,196,87,91,151,151,114,114,201,201,86,86,178,180,130,130,238,238,271,271
FWC_ALB_44,ALB,refALB,,,,,,,,,,0.001,0.995,0.001,0.001,0.002,,,,,,,,130,130,104,108,118,118,155,155,130,130,180,180,196,196,87,91,151,151,114,114,201,201,86,86,178,180,130,130,238,238,-9,-9
FWC_ALB_45,ALB,refALB,,,,,,,,,,0.001,0.995,0.001,0.001,0.002,,,,,,,,130,130,104,106,-9,-9,155,155,130,132,180,180,196,196,87,87,151,151,114,114,201,201,86,86,178,180,126,130,238,238,267,269
FWC_ALB_46,ALB,refALB,,,,,,,,,,0.001,0.992,0.002,0.003,0.002,,,,,,,,130,130,104,108,-9,-9,155,155,130,130,180,180,196,204,87,91,151,159,114,114,201,201,86,86,178,178,124,130,238,238,267,271
FWC_ALB_47,ALB,refALB,,,,,,,,,,0.001,0.994,0.002,0.001,0.002,,,,,,,,130,130,104,104,-9,-9,155,155,130,132,180,180,196,196,87,91,151,151,114,114,201,201,86,86,178,180,128,130,238,238,261,291
FWC_ALB_48,ALB,refALB,,,,,,,,,,0.001,0.995,0.001,0.001,0.002,,,,,,,,130,130,104,104,-9,-9,155,155,130,130,180,180,196,196,91,91,151,159,114,114,201,201,86,86,178,178,126,130,238,238,269,269
FWC_ALB_49,ALB,refALB,,,,,,,,,,0.001,0.9951,0.001,0.0011,0.0018,,,,,,,,130,130,104,104,118,118,155,155,130,130,180,180,196,196,87,91,151,159,114,114,201,201,86,86,178,180,126,128,238,238,269,271
FWC_ALB_50,ALB,refALB,,,,,,,,,,0.001,0.995,0.001,0.001,0.002,,,,,,,,130,130,104,104,118,118,155,155,130,144,180,180,196,196,87,93,151,159,114,114,199,201,86,86,178,178,130,130,238,238,269,269
FWC_ALB_51,ALB,refALB,,,,,,,,,,0.001,0.9843,0.002,0.003,0.0097,,,,,,,,130,130,104,104,-9,-9,155,155,130,130,180,180,196,196,87,91,151,167,114,114,201,201,86,86,178,180,124,128,238,238,269,271
FWC_ALB_52,ALB,refALB,,,,,,,,,,0.001,0.9946,0.0015,0.001,0.0019,,,,,,,,130,130,104,104,-9,-9,155,155,130,130,180,180,196,196,91,95,159,159,114,114,201,201,86,86,180,180,126,130,238,238,269,291
FWC_ALB_53,ALB,refALB,,,,,,,,,,0.001,0.995,0.001,0.001,0.002,,,,,,,,130,130,104,104,-9,-9,155,155,130,132,180,180,196,196,95,95,159,159,114,114,201,201,86,86,178,178,126,128,238,238,261,269
FWC_ALB_54,ALB,refALB,,,,,,,,,,0.001,0.994,0.002,0.001,0.002,,,,,,,,130,136,104,104,118,118,155,155,130,130,180,180,196,196,91,91,151,155,114,114,201,201,86,86,178,180,128,130,238,238,269,269
FWC_ALB_55,ALB,refALB,,,,,,,,,,0.001,0.995,0.001,0.001,0.002,,,,,,,,130,130,104,104,118,118,155,155,130,130,180,180,196,196,91,95,151,159,114,114,201,201,86,86,178,178,130,136,238,238,269,269
FWC_ALB_56,ALB,refALB,,,,,,,,,,0.002,0.985,0.002,0.002,0.009,,,,,,,,130,130,104,104,118,118,155,155,130,144,180,180,196,196,87,87,151,167,114,114,201,201,86,86,178,178,128,136,238,238,261,291
FWC_ALB_57,ALB,refALB,,,,,,,,,,0.003,0.99,0.003,0.002,0.002,,,,,,,,130,130,104,104,-9,-9,155,155,130,130,180,180,196,196,95,95,151,173,114,114,199,201,86,86,178,178,128,130,238,238,269,291
FWC_ALB_58,ALB,refALB,,,,,,,,,,0.001,0.995,0.001,0.001,0.002,,,,,,,,130,130,104,104,-9,-9,155,155,130,130,180,180,196,196,87,91,151,151,114,114,201,201,86,86,178,178,128,130,238,238,269,269
FWC_ALB_59,ALB,refALB,,,,,,,,,,0.002,0.9936,0.0011,0.0013,0.002,,,,,,,,130,130,104,104,-9,-9,155,155,130,144,180,180,196,196,91,91,151,151,114,114,201,201,86,86,178,178,130,138,238,238,261,269
FWC_ALB_60,ALB,refALB,,,,,,,,,,0.0014,0.9946,0.001,0.001,0.002,,,,,,,,130,130,104,104,-9,-9,155,155,130,130,180,180,196,196,87,91,151,159,114,114,201,201,86,86,178,180,128,136,238,238,261,269
FWC_ALB_61,ALB,refALB,,,,,,,,,,0.001,0.995,0.001,0.001,0.002,,,,,,,,130,130,104,104,-9,-9,155,155,130,132,180,180,196,196,87,91,151,159,114,114,201,201,86,86,178,180,130,130,238,238,261,269
FWC_ALB_62,ALB,refALB,,,,,,,,,,0.001,0.994,0.002,0.001,0.002,,,,,,,,130,130,104,104,-9,-9,155,155,130,130,180,180,196,196,87,91,151,155,114,114,201,201,86,118,178,178,124,130,238,238,261,269
FWC_ALB_63,ALB,refALB,,,,,,,,,,0.001,0.995,0.001,0.001,0.002,,,,,,,,130,130,104,106,-9,-9,155,155,130,132,180,180,196,196,87,91,151,159,114,114,201,201,86,86,178,180,130,130,238,238,267,269
Coosa2016_145,REB,refREB,,,,,,,,,,0.001,0.0011,0.9959,0.001,0.001,,,,,,,,140,142,112,112,118,118,191,191,132,132,182,182,202,202,91,101,169,173,114,114,193,213,110,110,182,182,126,126,238,238,253,277
Coosa2016_148,REB,refREB,,,,,,,,,,0.001,0.0024,0.9939,0.0017,0.001,,,,,,,,140,140,112,112,118,118,189,191,130,130,182,182,196,202,93,101,151,197,114,114,213,213,110,110,182,182,172,172,238,238,291,301
Coosa2016_150,REB,refREB,,,,,,,,,,0.001,0.004,0.992,0.002,0.001,,,,,,,,136,138,112,114,118,118,189,192,116,130,182,182,196,196,99,101,151,155,114,114,213,213,110,110,182,186,126,182,238,238,257,291
Coosa2016_152,REB,refREB,,,,,,,,,,0.001,0.003,0.993,0.002,0.001,,,,,,,,138,140,112,112,118,118,191,191,116,130,182,182,196,196,99,105,151,155,114,114,213,213,110,110,182,182,182,182,238,238,301,309
Coosa2016_156,REB,refREB,,,,,,,,,,0.001,0.0164,0.9776,0.002,0.003,,,,,,,,132,138,112,112,118,118,191,193,130,132,182,182,196,196,105,115,151,151,114,114,213,213,110,110,182,184,162,196,238,238,303,309
Coosa2016_182,REB,refREB,,,,,,,,,,0.001,0.002,0.993,0.002,0.002,,,,,,,,134,140,120,126,-9,-9,193,194,132,134,-9,-9,200,200,91,97,169,173,114,114,193,213,110,110,182,182,126,160,238,238,271,291
Coosa2016_183,REB,refREB,,,,,,,,,,0.001,0.002,0.9945,0.0015,0.001,,,,,,,,134,142,112,120,-9,-9,193,196,132,132,-9,-9,200,202,93,99,155,155,114,114,193,213,110,110,182,184,126,126,238,238,253,283
Coosa2016_184,REB,refREB,,,,,,,,,,0.001,0.003,0.992,0.002,0.002,,,,,,,,142,142,120,120,-9,-9,186,193,130,132,-9,-9,202,202,93,101,155,173,114,114,-9,-9,110,110,182,182,126,126,238,238,291,297
Coosa2016_185,REB,refREB,,,,,,,,,,0.001,0.002,0.9939,0.002,0.0011,,,,,,,,142,154,110,120,-9,-9,191,194,130,136,-9,-9,200,200,91,103,157,157,114,114,193,213,110,110,182,184,126,180,238,238,271,291
Coosa2016_189,REB,refREB,,,,,,,,,,0.001,0.002,0.994,0.002,0.001,,,,,,,,138,140,104,120,-9,-9,186,191,130,132,-9,-9,202,202,97,97,155,157,114,114,213,213,110,110,182,182,180,182,238,238,271,291
Coosa2016_192,REB,refREB,,,,,,,,,,0.001,0.002,0.9928,0.0032,0.001,,,,,,,,144,152,110,114,-9,-9,186,191,130,132,-9,-9,202,202,103,107,157,173,114,114,193,213,110,110,182,184,126,126,238,238,271,297
Coosa2016_193,REB,refREB,,,,,,,,,,0.001,0.0013,0.9952,0.0015,0.001,,,,,,,,140,142,120,120,-9,-9,191,194,132,132,-9,-9,202,202,93,101,155,173,114,114,213,213,110,110,182,182,126,126,238,238,271,279
Coosa2016_196,REB,refREB,,,,,,,,,,0.001,0.001,0.995,0.002,0.001,,,,,,,,140,156,110,130,-9,-9,193,196,132,132,-9,-9,202,202,93,103,155,155,114,114,193,193,110,110,182,184,126,210,238,238,271,291
Coosa2016_197,REB,refREB,,,,,,,,,,0.001,0.003,0.992,0.002,0.002,,,,,,,,134,144,104,120,-9,-9,191,193,130,134,-9,-9,200,202,93,99,155,157,114,114,213,213,110,110,182,182,126,162,238,238,271,279
Coosa2016_198,REB,refREB,,,,,,,,,,0.001,0.002,0.994,0.001,0.002,,,,,,,,140,140,120,140,-9,-9,191,194,132,134,-9,-9,200,202,91,91,155,169,114,114,193,193,110,110,182,186,126,126,238,238,253,271
Chattahooch_1110,CHB,refCHB,,,,,,,,,,0.001,0.001,0.001,0.995,0.002,,,,,,,,146,146,96,98,116,116,177,177,114,140,180,180,196,196,103,105,167,175,114,116,211,211,110,110,184,188,154,154,238,238,279,315
Chattahooch_1111,CHB,refCHB,,,,,,,,,,0.002,0.001,0.002,0.994,0.001,,,,,,,,144,144,98,98,116,116,177,177,108,114,180,180,180,196,-9,-9,171,175,116,116,211,211,110,110,186,188,154,154,238,238,273,311
Chattahooch_1316,CHB,refCHB,,,,,,,,,,0.001,0.001,0.002,0.9931,0.0029,,,,,,,,144,154,96,98,116,116,177,177,114,114,180,180,196,204,99,121,167,221,114,116,211,211,110,110,178,188,154,154,238,238,293,317
Chattahooch_1318,CHB,refCHB,,,,,,,,,,0.002,0.003,0.005,0.989,0.001,,,,,,,,144,144,96,96,118,118,174,177,114,128,180,180,198,202,113,123,159,159,114,114,211,211,106,110,188,188,156,156,238,238,277,291
Chattahooch_1320,CHB,refCHB,,,,,,,,,,0.001,0.001,0.0042,0.9928,0.001,,,,,,,,146,156,98,98,116,118,177,177,114,114,180,180,198,202,123,123,161,193,114,116,211,213,110,110,184,188,154,156,238,238,273,277
Chattahooch_1321,CHB,refCHB,,,,,,,,,,0.001,0.001,0.004,0.993,0.001,,,,,,,,146,156,98,98,116,118,177,177,114,114,180,180,198,202,123,123,159,161,114,116,211,213,110,110,184,188,152,154,238,238,273,277
Chattahooch_1327,CHB,refCHB,,,,,,,,,,0.0016,0.0026,0.002,0.9908,0.003,,,,,,,,146,146,98,98,116,116,155,177,114,130,180,180,188,196,113,123,151,177,116,116,211,211,110,110,178,184,152,156,238,238,271,271
Chattahooch_1331,CHB,refCHB,,,,,,,,,,0.002,0.0247,0.005,0.9613,0.007,,,,,,,,130,146,98,104,116,116,155,177,114,132,180,180,196,204,113,113,161,161,114,114,203,211,110,110,184,188,152,152,238,238,271,291
Chattahooch_893,CHB,refCHB,,,,,,,,,,0.001,0.002,0.003,0.993,0.001,,,,,,,,134,146,98,98,116,118,177,177,114,140,180,180,180,198,123,123,151,159,114,116,205,213,110,110,178,188,150,152,238,238,273,273
Chattahooch_894,CHB,refCHB,,,,,,,,,,0.002,0.001,0.002,0.994,0.001,,,,,,,,144,146,96,100,116,116,177,192,114,114,180,180,188,202,123,123,151,177,114,114,211,215,110,110,184,188,152,152,238,238,273,277
Chattahooch_895,CHB,refCHB,,,,,,,,,,0.001,0.004,0.0047,0.9843,0.006,,,,,,,,134,146,98,98,116,118,155,192,114,130,180,180,180,198,103,123,151,177,114,116,211,213,106,110,178,188,152,158,238,238,273,273
Chattahooch_902,CHB,refCHB,,,,,,,,,,0.001,0.002,0.002,0.994,0.001,,,,,,,,130,142,96,96,116,116,177,177,114,114,180,180,196,198,103,117,163,173,114,116,215,217,110,110,188,188,154,156,238,238,271,273
Chattahooch_908,CHB,refCHB,,,,,,,,,,0.001,0.0134,0.002,0.9816,0.002,,,,,,,,146,224,98,98,116,116,177,177,114,140,180,180,196,196,107,121,151,159,114,114,205,217,86,110,178,188,140,156,238,238,279,315
Chattahooch_918,CHB,refCHB,,,,,,,,,,0.001,0.002,0.002,0.992,0.003,,,,,,,,146,228,98,100,116,116,177,177,114,140,180,180,196,200,105,135,159,167,114,114,205,217,110,110,178,188,140,154,238,238,271,275
Chattahooch_919,CHB,refCHB,,,,,,,,,,0.002,0.007,0.003,0.983,0.005,,,,,,,,146,150,100,100,116,116,155,177,114,130,180,180,180,196,97,105,151,167,114,116,211,211,110,110,178,188,126,142,238,238,271,279
Chattahooch_921,CHB,refCHB,,,,,,,,,,0.001,0.002,0.0019,0.9921,0.003,,,,,,,,146,200,98,100,116,118,155,177,114,114,180,180,196,208,103,107,161,167,114,114,203,211,110,110,188,188,140,156,238,238,271,273
Chattahooch_924,CHB,refCHB,,,,,,,,,,0.002,0.005,0.002,0.9872,0.0038,,,,,,,,142,144,96,100,116,118,155,177,114,116,180,180,180,200,107,139,159,177,116,116,201,211,110,110,178,184,154,156,238,238,271,315
Chattahooch_926,CHB,refCHB,,,,,,,,,,0.002,0.002,0.003,0.987,0.006,,,,,,,,142,146,96,100,116,118,155,155,114,114,180,182,196,200,89,107,161,167,116,116,211,217,110,110,188,188,156,156,238,238,273,315
Chattahooch_927,CHB,refCHB,,,,,,,,,,0.0018,0.002,0.001,0.9922,0.003,,,,,,,,142,144,100,100,116,116,177,177,114,114,180,180,196,200,107,135,167,175,116,116,201,217,110,110,188,188,154,156,238,238,315,315
Chattahooch_929,CHB,refCHB,,,,,,,,,,0.001,0.001,0.002,0.995,0.001,,,,,,,,142,200,98,100,116,116,177,177,114,114,180,182,196,204,103,107,159,177,114,116,211,217,110,110,184,188,140,140,238,238,271,315
Chattahooch_931,CHB,refCHB,,,,,,,,,,0.001,0.004,0.008,0.9761,0.0109,,,,,,,,142,142,96,96,116,116,155,155,114,132,180,182,196,196,101,103,159,167,114,116,211,211,110,110,178,188,156,156,238,238,315,315
Chattahooch_934,CHB,refCHB,,,,,,,,,,0.001,0.001,0.002,0.995,0.001,,,,,,,,146,146,100,100,116,118,177,177,114,114,180,182,196,204,103,139,151,161,114,116,211,217,110,110,184,188,140,140,238,238,315,317
Chattahooch_937,CHB,refCHB,,,,,,,,,,0.001,0.001,0.002,0.995,0.001,,,,,,,,142,146,100,100,116,118,177,177,114,114,180,182,180,196,107,107,151,161,116,116,211,211,110,110,184,188,140,140,238,238,271,315
Chattahooch_938,CHB,refCHB,,,,,,,,,,0.001,0.001,0.002,0.995,0.001,,,,,,,,142,200,98,100,116,116,177,177,114,114,180,180,196,204,103,139,159,177,114,116,211,217,110,110,184,188,170,172,238,238,315,317
Chattahooch_939,CHB,refCHB,,,,,,,,,,0.001,0.0132,0.003,0.9798,0.003,,,,,,,,144,146,100,100,116,116,177,177,114,130,180,180,180,208,97,97,151,167,114,114,211,215,110,110,180,188,126,156,238,238,271,273
Chattahooch_941,CHB,refCHB,,,,,,,,,,0.001,0.003,0.002,0.9759,0.0181,,,,,,,,146,146,100,100,116,118,155,155,114,140,180,180,196,208,103,107,167,167,114,116,203,211,110,110,178,178,154,156,238,238,291,315
Chattahooch_946,CHB,refCHB,,,,,,,,,,0.002,0.0037,0.002,0.9662,0.0261,,,,,,,,146,146,100,100,116,118,155,155,114,150,180,180,178,200,97,103,151,167,116,116,203,211,110,110,178,188,156,156,238,238,261,273
Chattahooch_947,CHB,refCHB,,,,,,,,,,0.001,0.003,0.002,0.992,0.002,,,,,,,,146,200,98,100,116,118,155,177,114,114,180,180,196,208,103,107,151,159,114,114,211,215,110,110,178,188,140,140,238,238,271,315
Chattahooch_949,CHB,refCHB,,,,,,,,,,0.001,0.003,0.001,0.993,0.002,,,,,,,,142,146,100,100,116,118,155,177,114,114,180,180,196,208,107,107,151,159,114,116,203,211,110,110,178,188,154,156,238,238,315,315
Chattahooch_957,CHB,refCHB,,,,,,,,,,0.002,0.002,0.002,0.992,0.002,,,,,,,,146,234,98,100,116,118,155,177,128,140,180,180,196,208,97,105,159,173,114,116,203,217,110,110,188,188,140,156,238,238,273,275
OSU_A_38,SHB,refSHB,,,,,,,,,,0.001,0.0019,0.001,0.001,0.9951,,,,,,,,128,132,116,118,116,116,155,155,130,130,180,180,178,178,85,89,167,167,114,114,201,201,110,110,178,178,154,168,238,238,285,287
OSU_A_09,SHB,refSHB,,,,,,,,,,0.001,0.0011,0.001,0.001,0.9959,,,,,,,,132,132,116,116,116,116,155,155,132,132,180,180,178,178,85,109,161,167,114,114,201,201,122,122,178,178,156,158,238,238,289,289
OSU_A_24,SHB,refSHB,,,,,,,,,,0.001,0.0012,0.0011,0.001,0.9957,,,,,,,,132,132,116,120,116,116,155,155,132,132,180,180,178,178,89,91,167,167,114,114,201,201,110,122,178,178,162,176,238,238,287,287
Mcat3533,SHB,refSHB,,,,,,,,,,0.001,0.001,0.001,0.001,0.996,,,,,,,,128,132,116,116,116,116,155,155,130,132,180,180,178,178,89,91,167,167,114,114,203,203,122,122,178,178,156,164,238,238,285,287
OSU_E_22,SHB,refSHB,,,,,,,,,,0.001,0.002,0.001,0.001,0.995,,,,,,,,128,132,116,118,116,116,155,155,130,130,180,180,178,178,89,89,167,167,114,114,201,201,126,126,178,178,140,158,238,238,287,289
OSU_E_5,SHB,refSHB,,,,,,,,,,0.001,0.002,0.001,0.001,0.995,,,,,,,,132,138,116,116,116,116,155,155,130,132,180,180,178,178,85,91,167,167,114,114,201,201,110,126,178,178,154,158,238,238,285,287
OSU_E_28,SHB,refSHB,,,,,,,,,,0.001,0.001,0.001,0.001,0.996,,,,,,,,128,132,116,116,116,116,155,155,132,134,180,180,178,178,85,89,167,167,114,114,201,203,110,110,178,178,164,164,238,238,285,287
OSU_E_34,SHB,refSHB,,,,,,,,,,0.001,0.0011,0.001,0.001,0.9959,,,,,,,,132,132,116,118,116,116,155,155,130,132,180,180,178,178,85,89,167,167,114,114,201,203,110,122,178,178,154,156,238,238,285,285
Mcat5340,SHB,refSHB,,,,,,,,,,0.001,0.0011,0.001,0.001,0.9959,,,,,,,,132,132,116,118,116,116,155,155,130,132,180,180,178,178,85,89,167,167,114,114,201,203,122,124,178,178,160,164,238,238,285,289
Mcat5349,SHB,refSHB,,,,,,,,,,0.001,0.0019,0.001,0.001,0.9951,,,,,,,,132,132,116,116,116,116,155,155,130,132,180,180,178,178,85,89,167,167,114,114,201,201,122,124,178,178,160,164,238,238,285,285
SHBA_BigCreek_2015-195,SHB,refSHB,,,,,,,,,,0.001,0.002,0.001,0.001,0.995,,,,,,,,132,132,116,118,116,116,155,155,130,132,180,180,178,178,91,93,167,167,114,114,201,203,110,122,178,178,166,176,238,238,285,285
SHBA_BigCreek_2015-249,SHB,refSHB,,,,,,,,,,0.001,0.003,0.001,0.001,0.994,,,,,,,,130,132,116,118,116,116,155,155,130,132,180,180,178,178,89,93,167,167,114,114,201,203,122,122,178,178,160,176,238,238,285,285
GMNHTC-3411,SHB,refSHB,,,,,,,,,,0.001,0.003,0.001,0.001,0.994,,,,,,,,132,132,116,116,116,116,155,155,130,132,180,180,178,178,89,95,167,167,114,114,201,201,122,126,178,178,158,160,238,238,287,287
SHBA_CHA_2015-108,SHB,refSHB,,,,,,,,,,0.001,0.0054,0.002,0.0012,0.9904,,,,,,,,132,132,116,118,116,116,155,155,130,132,180,180,178,178,91,99,161,167,114,114,201,203,122,126,178,180,154,180,238,238,285,287
GMNHTC-3484,SHB,refSHB,,,,,,,,,,0.001,0.001,0.001,0.0014,0.9956,,,,,,,,132,132,116,116,116,116,155,155,126,126,180,180,178,178,85,93,167,167,114,114,201,203,110,110,178,178,156,160,238,238,287,287
SHBA_CHA_2015-119,SHB,refSHB,,,,,,,,,,0.001,0.002,0.001,0.001,0.995,,,,,,,,128,132,118,118,116,116,155,155,130,130,180,180,178,178,91,101,167,167,114,114,201,203,122,126,178,178,148,162,238,238,287,287
SHBA_U_4,SHB,refSHB,,,,,,,,,,0.001,0.002,0.001,0.001,0.995,,,,,,,,136,136,116,116,116,116,155,155,130,130,180,180,178,178,91,93,161,167,114,114,201,201,110,124,178,178,158,164,238,238,289,289
SHBA_U_14,SHB,refSHB,,,,,,,,,,0.001,0.002,0.001,0.001,0.995,,,,,,,,136,136,116,116,116,116,155,155,130,130,180,180,178,178,93,93,161,161,114,114,201,201,110,124,178,178,158,164,238,238,287,289
SHBA_U_16,SHB,refSHB,,,,,,,,,,0.001,0.002,0.001,0.001,0.995,,,,,,,,136,136,116,116,116,116,155,155,130,130,180,180,178,178,91,91,161,167,114,114,201,201,110,124,178,178,158,158,238,238,289,289
SHBA_U_22,SHB,refSHB,,,,,,,,,,0.001,0.002,0.001,0.001,0.995,,,,,,,,136,136,116,116,116,116,155,155,130,130,180,180,178,178,91,93,161,161,114,114,201,201,122,122,178,178,158,158,238,238,289,289
GDR_294,SHB,refSHB,,,,,,,,,,0.0039,0.0022,0.0015,0.003,0.9894,,,,,,,,130,132,116,118,116,116,155,155,132,132,222,222,178,180,89,89,161,167,112,114,201,201,122,126,178,178,160,160,238,238,285,285
GDR_259,SHB,refSHB,,,,,,,,,,0.001,0.0024,0.001,0.001,0.9946,,,,,,,,132,132,118,118,116,116,155,155,126,130,222,222,178,178,91,95,161,167,114,114,201,201,124,124,178,178,160,164,238,238,285,285
GDR_261,SHB,refSHB,,,,,,,,,,0.0021,0.0011,0.001,0.001,0.9948,,,,,,,,132,132,116,116,116,116,155,155,130,130,222,222,178,178,85,93,167,167,112,114,201,201,110,122,178,178,148,160,238,238,285,285
GDR_608,SHB,refSHB,,,,,,,,,,0.001,0.002,0.001,0.001,0.995,,,,,,,,128,128,116,116,116,116,155,155,130,132,180,180,178,178,93,93,167,167,114,114,201,201,110,110,178,178,162,174,238,238,285,285
BBCC_23,SHB,refSHB,,,,,,,,,,0.002,0.001,0.002,0.001,0.994,,,,,,,,128,132,114,116,116,116,155,155,130,130,222,222,178,178,89,89,161,167,114,114,201,201,110,120,178,178,158,158,238,238,285,287
BBCC_54,SHB,refSHB,,,,,,,,,,0.001,0.001,0.001,0.001,0.996,,,,,,,,132,132,114,114,116,116,155,155,130,130,222,222,178,178,85,89,167,167,114,114,201,201,122,122,178,178,156,162,238,238,287,287
BBCC_57,SHB,refSHB,,,,,,,,,,0.001,0.001,0.001,0.001,0.996,,,,,,,,128,132,114,116,116,116,155,155,130,132,222,222,178,178,89,89,167,167,114,114,201,201,110,124,178,178,156,158,238,238,285,287
BBCC_58,SHB,refSHB,,,,,,,,,,0.001,0.001,0.002,0.002,0.994,,,,,,,,132,132,114,116,116,116,155,155,132,132,222,222,178,178,93,103,161,167,114,114,201,201,122,126,178,178,154,164,238,238,285,287
GDR_441,SHB,refSHB,,,,,,,,,,0.002,0.001,0.001,0.001,0.995,,,,,,,,128,132,116,116,116,116,155,155,126,132,222,222,178,178,89,93,167,167,112,114,201,203,110,122,178,178,158,170,238,238,285,287
GDR_444,SHB,refSHB,,,,,,,,,,0.001,0.0023,0.001,0.001,0.9947,,,,,,,,132,136,118,118,116,116,155,155,130,132,222,222,178,178,91,95,167,167,114,114,201,203,124,126,178,178,140,160,238,238,285,287
GDR_446,SHB,refSHB,,,,,,,,,,0.002,0.003,0.003,0.002,0.99,,,,,,,,130,136,116,118,116,116,155,155,126,132,222,222,178,178,89,89,167,169,114,114,201,201,110,122,178,178,154,172,238,238,285,285
GA5408,SHB,refSHB,,,,,,,,,,0.0021,0.002,0.0011,0.0016,0.9932,,,,,,,,128,132,118,118,116,116,155,155,130,132,180,180,178,178,89,93,167,167,114,114,201,203,124,126,178,178,150,160,238,238,267,287
FLRSHB_246,SHB,refSHB,,,,,,,,,,0.001,0.0011,0.001,0.001,0.9959,,,,,,,,128,128,116,118,116,116,155,155,126,130,180,180,178,178,89,93,161,167,114,114,201,201,122,122,178,178,164,176,238,238,285,287
FLRSHB_277,SHB,refSHB,,,,,,,,,,0.001,0.002,0.001,0.001,0.995,,,,,,,,132,132,118,118,116,116,155,155,130,130,180,180,178,178,91,93,161,167,114,114,201,203,122,126,178,178,154,166,238,238,287,287
FLRSHB_120,SHB,refSHB,,,,,,,,,,0.001,0.002,0.002,0.0013,0.9937,,,,,,,,132,132,116,116,116,116,155,155,132,134,180,180,178,178,89,93,167,167,114,114,201,201,110,122,178,178,148,164,238,238,285,291
FRSHB032,SHB,refSHB,,,,,,,,,,0.001,0.0016,0.002,0.001,0.9944,,,,,,,,128,132,116,118,116,116,155,155,130,132,180,180,178,178,89,101,167,167,114,114,201,201,124,124,178,178,160,182,238,238,285,287
GA5418,SHB,refSHB,,,,,,,,,,0.0012,0.002,0.002,0.0021,0.9927,,,,,,,,132,132,116,116,116,116,155,155,130,132,180,180,178,178,89,103,167,167,114,114,201,201,122,124,178,178,160,160,238,238,289,291
FLRSHB_262,SHB,refSHB,,,,,,,,,,0.001,0.002,0.003,0.002,0.992,,,,,,,,132,132,116,118,116,116,155,155,130,130,180,180,178,178,93,99,167,167,114,114,201,203,110,126,178,178,182,190,238,238,287,287
FLRSHB_263,SHB,refSHB,,,,,,,,,,0.001,0.002,0.002,0.003,0.992,,,,,,,,132,132,118,118,116,116,155,155,130,130,180,180,178,178,91,97,167,167,114,114,201,203,122,126,178,178,158,164,238,238,285,287
FRSHB059,SHB,refSHB,,,,,,,,,,0.002,0.002,0.001,0.001,0.994,,,,,,,,128,132,116,118,116,116,155,155,132,134,180,180,178,178,93,93,167,167,114,114,201,201,122,128,178,178,160,164,238,238,285,287
FRSHB013,SHB,refSHB,,,,,,,,,,0.001,0.002,0.001,0.001,0.995,,,,,,,,128,132,116,116,116,116,155,155,130,130,180,180,178,178,85,91,167,167,114,114,201,203,122,122,178,178,140,154,238,238,285,285
GA5451,SHB,refSHB,,,,,,,,,,0.001,0.002,0.001,0.0013,0.9947,,,,,,,,132,132,116,118,116,116,155,155,130,130,-9,-9,178,178,89,93,161,161,114,114,201,201,122,126,178,178,156,178,238,238,285,287
GA5467,SHB,refSHB,,,,,,,,,,0.001,0.002,0.001,0.001,0.995,,,,,,,,128,132,116,116,116,116,155,155,130,132,180,180,178,178,89,93,161,167,114,114,201,201,110,122,178,178,150,158,238,238,285,285
GA5468,SHB,refSHB,,,,,,,,,,0.003,0.002,0.001,0.001,0.993,,,,,,,,132,132,116,116,116,116,155,155,130,132,-9,-9,178,178,85,93,161,167,112,114,201,201,122,124,178,178,166,168,238,238,285,287
GA5484,SHB,refSHB,,,,,,,,,,0.001,0.002,0.002,0.002,0.993,,,,,,,,132,132,116,118,116,116,155,155,130,130,180,180,178,178,91,101,161,161,114,114,201,201,110,124,178,178,162,192,238,238,285,285
GA5428,SHB,refSHB,,,,,,,,,,0.003,0.002,0.001,0.001,0.993,,,,,,,,132,132,116,118,116,116,155,155,130,130,-9,-9,178,178,91,93,-9,-9,112,114,201,201,110,126,178,178,160,166,238,238,285,287
GA5439,SHB,refSHB,,,,,,,,,,0.001,0.002,0.001,0.001,0.995,,,,,,,,132,132,116,118,116,116,155,155,130,132,180,180,178,178,89,93,161,167,114,114,201,201,124,126,178,178,148,174,238,238,287,289
FRSHB069,SHB,refSHB,,,,,,,,,,0.001,0.002,0.001,0.001,0.995,,,,,,,,132,132,118,118,116,116,155,155,130,132,180,180,178,178,93,99,161,161,114,114,201,203,124,126,178,178,154,176,238,238,285,287
FRSHB089,SHB,refSHB,,,,,,,,,,0.001,0.002,0.001,0.001,0.995,,,,,,,,132,132,118,118,116,116,155,155,130,132,180,180,178,178,89,89,167,167,114,114,201,201,126,126,178,178,140,172,238,238,287,289
FRSHB074,SHB,refSHB,,,,,,,,,,0.001,0.002,0.002,0.002,0.993,,,,,,,,132,132,116,118,116,116,155,155,130,130,180,180,178,178,93,101,161,167,114,114,201,201,110,122,178,178,156,172,238,238,285,287
FRSHB052,SHB,refSHB,,,,,,,,,,0.001,0.002,0.0016,0.002,0.9934,,,,,,,,132,132,118,118,116,116,155,155,130,130,180,180,178,178,93,103,167,167,114,114,201,203,110,122,178,178,154,160,238,238,285,285
sh204,SHB,refSHB,,,,,,,,,,0.01,0.002,0.003,0.002,0.983,,,,,,,,136,136,114,116,116,116,113,129,130,130,-9,-9,-9,-9,89,93,161,167,114,114,201,203,122,122,178,178,160,176,238,238,287,287
sh59,SHB,refSHB,,,,,,,,,,0.001,0.003,0.002,0.001,0.993,,,,,,,,130,136,114,116,116,116,155,155,132,132,180,180,178,178,85,89,167,167,114,114,201,201,110,122,178,178,160,180,238,238,285,285
sh250,SHB,refSHB,,,,,,,,,,0.001,0.0039,0.002,0.002,0.9911,,,,,,,,130,132,114,116,116,116,155,155,130,132,-9,-9,-9,-9,85,89,167,167,114,114,201,203,110,110,178,178,160,160,238,238,-9,-9
sh25,SHB,refSHB,,,,,,,,,,0.001,0.003,0.002,0.001,0.993,,,,,,,,130,136,114,116,116,116,155,155,130,130,180,180,178,178,89,89,167,167,114,114,201,203,110,122,178,178,174,180,238,238,285,287
001_01_ALB,ALB,wildpop,,1,0.142857143,0.85675,0.071428571,1,,,ALB,0.0010,0.9946,0.0010,0.0010,0.0024,1,ALB,2,ALB,,,,132,132,108,108,-9,-9,155,155,130,130,180,180,196,200,87,87,151,151,114,114,199,201,86,126,178,180,128,128,238,238,285,303
002_01_ALB,ALB,wildpop,,1,0.2,0.8914935,0.133333333,0.9340776,,,ALB,0.0010,0.9938,0.0010,0.0014,0.0028,1,ALB,2,ALB,,,,130,132,104,108,116,118,155,155,134,134,180,180,196,200,87,93,159,159,114,114,201,201,86,86,180,180,126,126,238,238,297,303
003_01_ALB,ALB,wildpop,,1,0.133333333,0.7166232,0.133333333,0.9341169,,,ALB,0.0010,0.9910,0.0010,0.0020,0.0050,1,ALB,2,ALB,,,,132,132,108,108,116,118,155,155,130,134,180,180,196,200,93,95,159,159,114,114,201,201,126,126,180,180,126,126,238,238,285,303
004_01_ALB,ALB,wildpop,,1,0.125,0.9697899,0,1,,,ALB,0.0010,0.9950,0.0010,0.0010,0.0020,1,ALB,2,ALB,,,,130,132,106,108,118,118,155,155,134,134,180,180,196,196,87,87,159,159,114,114,201,201,86,86,180,180,126,126,238,238,287,297
005_01_ALB,ALB,wildpop,,1,0.133333333,0.9925422,0,1,,,ALB,0.0010,0.9960,0.0010,0.0010,0.0010,1,ALB,2,ALB,,,,130,132,104,106,118,118,155,155,130,132,180,180,196,196,87,95,159,159,114,114,199,201,86,86,180,180,126,128,238,238,297,303
006_01_ALB,ALB,wildpop,,1,0.133333333,0.8722387,0.066666667,1,,,ALB,0.0010,0.9950,0.0010,0.0010,0.0020,1,ALB,2,ALB,,,,132,132,106,108,118,118,155,155,132,134,180,180,196,200,85,95,151,151,114,114,201,201,86,86,180,180,126,126,238,238,301,303
007_01_ALB,ALB,wildpop,,1,0.133333333,1,0,1,,,ALB,0.0013,0.9955,0.0010,0.0010,0.0012,1,ALB,2,ALB,,,,130,130,104,106,118,118,155,155,132,134,180,180,196,196,93,95,151,159,114,114,199,201,86,86,180,180,-9,-9,238,238,295,297
008_01_ALB,ALB,wildpop,,1,0.1875,0.9772673,0.0625,1,,,ALB,0.0010,0.9950,0.0010,0.0010,0.0020,1,ALB,2,ALB,,,,130,132,104,108,118,118,155,155,132,134,180,180,196,200,87,95,159,159,114,114,201,201,86,86,180,180,128,128,238,238,285,297
009_01_ALB,ALB,wildpop,,1,0,0.8310743,0,0.998091,,,ALB,0.0010,0.9940,0.0020,0.0010,0.0020,1,ALB,2,ALB,,,,132,132,108,108,114,118,155,155,130,130,180,180,200,200,85,93,159,159,114,114,201,201,86,86,180,180,126,126,238,238,301,303
010_01_ALB,ALB,wildpop,,1,0.071428571,1,0.071428571,1,,,ALB,0.0010,0.9958,0.0010,0.0010,0.0012,1,ALB,2,ALB,,,,130,130,106,106,-9,-9,155,155,134,134,180,180,196,200,93,95,151,159,114,114,201,201,86,86,180,180,126,126,238,238,297,303
011_01_ALB,ALB,wildpop,,1,0.1875,0.9757636,0,1,,,ALB,0.0010,0.9950,0.0010,0.0010,0.0020,1,ALB,2,ALB,,,,130,132,106,108,118,118,155,155,130,132,180,180,196,196,87,91,151,151,114,114,201,201,86,86,180,180,112,112,238,238,285,297
012_01_ALB,ALB,wildpop,,1,0.1875,0.9667711,0,1,,,ALB,0.0010,0.9940,0.0020,0.0010,0.0020,1,ALB,2,ALB,,,,130,140,104,106,118,118,155,155,130,134,180,180,196,196,87,93,151,159,114,114,201,201,86,126,180,180,126,126,238,238,285,297
013_01_ALB,ALB,wildpop,,1,0.333333333,0.7526081,0.066666667,1,,,ALB,0.0010,0.9866,0.0010,0.0020,0.0094,1,ALB,2,ALB,,,,132,132,108,108,118,118,155,155,130,132,180,180,196,196,85,95,151,159,114,114,201,203,86,126,178,180,128,128,238,238,297,303
014_01_ALB,ALB,wildpop,,1,0.25,0.8326982,0,1,,,ALB,0.0010,0.9920,0.0010,0.0010,0.0050,1,ALB,2,ALB,,,,130,132,104,108,118,118,155,155,130,130,180,180,196,196,93,95,151,159,114,114,201,201,86,126,178,180,112,112,238,238,285,287
015_01_ALB,ALB,wildpop,,1,0.066666667,0.8158836,0,1,,,ALB,0.0010,0.9947,0.0010,0.0010,0.0023,1,ALB,2,ALB,,,,132,132,108,108,118,118,155,155,130,130,180,180,196,196,85,93,151,159,114,114,201,201,86,86,180,180,-9,-9,238,238,285,297
016_01_ALB,ALB,wildpop,,1,0.2,0.9200125,0,1,,,ALB,0.0010,0.9940,0.0010,0.0020,0.0020,1,ALB,2,ALB,,,,130,132,106,108,118,118,155,155,130,130,180,180,198,198,85,95,159,159,114,114,199,201,84,86,180,180,126,126,238,238,285,297
017_01_ALB,ALB,wildpop,,1,0.0625,0.9423214,0.0625,1,,,ALB,0.0010,0.9950,0.0010,0.0010,0.0020,1,ALB,2,ALB,,,,132,132,104,108,118,118,155,155,132,134,180,180,196,200,87,87,151,159,114,114,201,201,86,86,180,180,112,112,238,238,297,297
018_01_HYB,ALB,wildpop,,1,0,0.9052591,0.0625,0.8931134,,,ALB,0.0015,0.9916,0.0010,0.0020,0.0039,1,ALB,2,ALB,,,,130,130,104,106,116,116,155,155,130,130,180,180,196,200,87,95,151,159,114,114,199,201,86,86,180,180,126,126,238,238,297,297
019_01_SHB,SHB,wildpop,,1,0,0,,,0,0,SHB,0.0010,0.0010,0.0010,0.0010,0.9960,1,SHB,,,3,SHB,,132,132,116,116,116,116,155,155,132,132,180,180,178,178,89,89,161,167,114,114,201,201,122,124,178,178,140,174,238,238,285,287
020_01_SHB,SHB,wildpop,,1,0.2,0,,,0.1875,0.046205,SHB,0.0010,0.0020,0.0011,0.0010,0.9949,1,SHB,,,3,SHB,,132,136,118,118,116,116,155,155,130,132,180,180,178,178,93,105,167,167,114,114,201,203,110,126,178,178,158,164,238,238,287,289
021_02_ALB,ALB,wildpop,,2,0.125,0.946175,0.0625,1,,,ALB,0.0010,0.9950,0.0010,0.0010,0.0020,1,ALB,2,ALB,,,,130,132,106,108,118,118,155,155,132,132,180,180,196,200,85,95,151,159,114,114,199,201,86,86,180,180,112,126,238,238,297,297
022_02_ALB,ALB,wildpop,,2,0.066666667,0.9239436,0,1,,,ALB,0.0010,0.9950,0.0010,0.0010,0.0020,1,ALB,2,ALB,,,,132,132,108,108,118,118,155,155,130,130,180,180,196,196,93,95,151,151,114,114,199,201,86,86,180,180,112,126,238,238,297,303
023_02_ALB,ALB,wildpop,,2,0.125,0.9448981,0.0625,1,,,ALB,0.0010,0.9950,0.0010,0.0010,0.0020,1,ALB,2,ALB,,,,130,132,104,108,118,118,155,155,130,134,180,180,196,200,93,95,159,159,114,114,199,201,86,86,180,180,126,126,238,238,285,285
024_02_ALB,ALB,wildpop,,2,0.214285714,0.8928525,0,1,,,ALB,0.0010,0.9920,0.0020,0.0020,0.0030,1,ALB,2,ALB,,,,130,132,106,108,114,116,155,155,130,130,180,180,196,196,85,87,151,159,114,114,201,201,84,86,180,180,126,126,238,238,285,297
025_02_ALB,ALB,wildpop,,2,0.3125,0.8762773,0.0625,1,,,ALB,0.0010,0.9950,0.0010,0.0010,0.0020,1,ALB,2,ALB,,,,130,132,106,108,118,118,155,155,130,132,180,180,196,200,85,95,159,159,114,114,199,199,86,126,180,180,126,126,238,238,285,297
026_02_ALB,ALB,wildpop,,2,0.3125,0.8480725,0.0625,0.9577112,,,ALB,0.0010,0.9932,0.0010,0.0018,0.0030,1,ALB,2,ALB,,,,130,132,106,108,116,118,155,155,130,132,180,180,196,196,87,95,151,151,114,114,199,201,86,126,180,180,126,126,238,238,285,297
027_02_ALB,ALB,wildpop,,2,0.066666667,0.9022154,0.066666667,1,,,ALB,0.0030,0.9920,0.0020,0.0010,0.0020,1,ALB,2,ALB,,,,132,132,108,108,118,118,155,155,132,134,180,180,196,200,93,93,151,159,114,114,199,199,86,180,180,180,126,126,238,238,295,297
028_02_ALB,ALB,wildpop,,2,0.1875,0.9077123,0.125,0.9413504,,,ALB,0.0010,0.9941,0.0010,0.0017,0.0022,1,ALB,2,ALB,,,,130,130,104,108,116,118,155,155,130,130,180,180,196,200,85,87,151,159,114,114,199,201,86,86,180,180,126,126,238,238,285,297
029_02_ALB,ALB,wildpop,,2,0.066666667,1,0.066666667,1,,,ALB,0.0010,0.9950,0.0010,0.0010,0.0020,1,ALB,2,ALB,,,,130,130,104,106,118,118,155,155,132,132,180,180,196,200,87,95,151,159,114,114,201,201,86,86,178,180,126,126,238,238,297,303
030_02_ALB,ALB,wildpop,,2,0.0625,0.9210937,0,1,,,ALB,0.0010,0.9950,0.0010,0.0010,0.0020,1,ALB,2,ALB,,,,132,132,108,108,118,118,155,155,130,130,180,180,196,196,95,95,151,159,114,114,201,201,86,118,180,180,126,126,238,238,285,297
031_02_ALB,ALB,wildpop,,2,0.133333333,0.9817443,0.066666667,1,,,ALB,0.0010,0.9950,0.0010,0.0010,0.0020,1,ALB,2,ALB,,,,130,132,106,108,118,118,155,155,130,130,180,180,196,200,93,95,151,151,114,114,201,201,86,86,180,180,126,126,238,238,285,303
032_02_ALB,ALB,wildpop,,2,0.0625,1,0,1,,,ALB,0.0010,0.9960,0.0010,0.0010,0.0010,1,ALB,2,ALB,,,,130,130,108,108,118,118,155,155,130,132,180,180,196,196,87,87,151,151,114,114,201,201,86,86,180,180,126,126,238,238,297,297
033_02_ALB,ALB,wildpop,,2,0.125,0.9697276,0,1,,,ALB,0.0010,0.9950,0.0010,0.0010,0.0020,1,ALB,2,ALB,,,,130,132,106,108,118,118,155,155,130,130,180,180,196,196,87,87,151,159,114,114,201,201,86,86,180,180,126,126,238,238,287,297
034_02_ALB,ALB,wildpop,,2,0.125,0.8220874,0,1,,,ALB,0.0010,0.9950,0.0010,0.0010,0.0020,1,ALB,2,ALB,,,,132,132,108,108,118,118,155,155,130,132,180,180,196,196,85,87,151,151,114,114,201,201,86,86,180,180,112,126,238,238,285,285
035_02_ALB,ALB,wildpop,,2,0.066666667,0.9363095,0,1,,,ALB,0.0010,0.9950,0.0010,0.0010,0.0020,1,ALB,2,ALB,,,,132,132,108,108,-9,-9,155,155,130,134,180,180,200,200,87,87,151,159,114,114,199,201,86,86,178,180,112,126,238,238,295,297
036_02_ALB,ALB,wildpop,,2,0.125,0.9955021,0.0625,1,,,ALB,0.0010,0.9960,0.0010,0.0010,0.0010,1,ALB,2,ALB,,,,130,130,104,108,118,118,155,155,130,132,180,180,196,200,87,95,151,159,114,114,199,201,86,126,180,180,126,126,238,238,299,301
037_02_HYB,SHB,wildpop,,2,0.133333333,0,,,0.133333333,0,SHB,0.0010,0.0020,0.0010,0.0010,0.9950,1,SHB,,,3,SHB,,132,132,118,118,116,116,155,155,130,132,180,180,178,178,89,91,167,167,114,114,201,201,122,126,178,178,144,146,238,238,287,287
038_02_HYB,SHB,wildpop,,2,0.25,0,,,0.25,0,SHB,0.0010,0.0020,0.0020,0.0015,0.9935,1,SHB,,,3,SHB,,128,132,116,116,116,116,155,155,130,132,180,180,178,178,91,93,167,167,114,114,201,203,110,126,178,178,158,158,238,238,287,291
039_02_SHB,SHB,wildpop,,2,0.0625,0,,,0.0625,0,SHB,0.0010,0.0013,0.0010,0.0010,0.9957,1,SHB,,,3,SHB,,132,132,116,118,116,116,155,155,130,132,180,180,178,178,89,89,161,167,114,114,201,201,122,126,178,178,158,176,238,238,287,287
040_02_SHB,SHB,wildpop,,2,0.0625,0,,,0.0625,0,SHB,0.0010,0.0013,0.0010,0.0010,0.9957,1,SHB,,,3,SHB,,132,132,116,118,116,116,155,155,132,132,180,180,178,178,89,91,167,167,114,114,201,201,122,122,178,178,156,160,238,238,285,287
041_02_SHB,SHB,wildpop,,2,0.125,0.0708361,,,0.066666667,0,SHB,0.0010,0.0020,0.0010,0.0010,0.9950,1,SHB,,,3,SHB,,132,132,116,118,116,116,155,155,130,132,180,180,178,178,91,91,167,167,114,114,201,201,122,122,178,178,164,166,238,238,281,285
042_02_SHB,SHB,wildpop,,2,0.1875,0,,,0.0625,0,SHB,0.0010,0.0018,0.0010,0.0010,0.9952,1,SHB,,,3,SHB,,132,136,116,118,116,116,155,155,130,132,180,180,178,178,89,93,161,167,114,114,201,203,122,126,178,178,158,164,238,238,287,287
043_02_SHB,SHB,wildpop,,2,0.1875,0.0624255,,,0.2,0,SHB,0.0010,0.0020,0.0010,0.0010,0.9950,1,SHB,,,3,SHB,,132,132,116,118,116,116,155,155,130,132,180,180,178,178,89,91,167,167,114,114,201,201,110,122,178,178,166,166,238,238,281,287
044_02_SHB,SHB,wildpop,,2,0.125,0,,,0.125,0,SHB,0.0010,0.0012,0.0010,0.0010,0.9958,1,SHB,,,3,SHB,,132,132,116,116,116,116,155,155,130,130,180,180,178,178,89,91,167,167,114,114,201,203,110,124,178,178,158,164,238,238,287,289
045_02_SHB,SHB,wildpop,,2,0.133333333,0,,,0.133333333,0.0159242,SHB,0.0010,0.0020,0.0010,0.0010,0.9950,1,SHB,,,3,SHB,,132,136,118,120,116,116,155,155,126,132,180,180,178,178,89,93,167,167,114,114,201,201,124,126,178,178,146,156,238,238,285,289
046_02_SHB,SHB,wildpop,,2,0,0,,,0,0,SHB,0.0010,0.0010,0.0010,0.0010,0.9960,1,SHB,,,3,SHB,,128,132,116,116,116,116,155,155,132,132,180,180,178,178,89,89,167,167,114,114,201,201,122,122,178,178,158,174,238,238,285,287
047_02_SHB,SHB,wildpop,,2,0.125,0,,,0.0625,0,SHB,0.0010,0.0016,0.0010,0.0010,0.9954,1,SHB,,,3,SHB,,128,132,116,118,116,116,155,155,130,132,180,180,178,178,91,91,167,167,114,114,201,203,124,126,178,178,158,160,238,238,289,289
048_02_SHB,SHB,wildpop,,2,0.2,0,,,0.133333333,0,SHB,0.0020,0.0015,0.0010,0.0030,0.9925,1,SHB,,,3,SHB,,132,138,116,118,116,116,155,155,130,132,180,180,178,178,89,93,167,167,114,114,201,203,122,122,178,178,152,174,238,238,285,289
049_02_SHB,SHB,wildpop,,2,0.0625,0,,,0,0,SHB,0.0010,0.0010,0.0010,0.0010,0.9960,1,SHB,,,3,SHB,,128,132,116,116,116,116,155,155,132,132,180,180,178,178,85,89,167,167,114,114,201,203,122,126,178,178,156,164,238,238,287,287
050_02_SHB,SHB,wildpop,,2,0,0,,,0,0,SHB,0.0010,0.0010,0.0010,0.0010,0.9960,1,SHB,,,3,SHB,,132,132,118,118,116,116,155,155,132,132,180,180,178,178,89,89,167,167,114,114,203,203,110,110,178,178,144,174,238,238,289,289
051_02_SHB,SHB,wildpop,,2,0.0625,0,,,0.25,0.0257127,SHB,0.0010,0.0013,0.0013,0.0010,0.9954,1,SHB,,,3,SHB,,132,132,116,120,116,116,155,155,132,132,180,180,178,178,89,91,167,167,114,114,201,201,110,122,178,178,162,176,238,238,287,287
052_02_SHB,SHB,wildpop,,2,0.0625,0,,,0.0625,0,SHB,0.0010,0.0020,0.0010,0.0010,0.9950,1,SHB,,,3,SHB,,128,132,116,118,116,116,155,155,130,130,180,180,178,178,89,91,167,167,114,114,201,201,122,126,178,178,154,164,238,238,285,287
053_02_SHB,SHB,wildpop,,2,0.066666667,0,,,0.066666667,0,SHB,0.0010,0.0010,0.0010,0.0010,0.9960,1,SHB,,,3,SHB,,132,136,118,118,116,116,155,155,132,132,180,180,178,178,89,89,161,167,114,114,203,203,110,122,178,178,146,176,238,238,287,287
054_02_SHB,SHB,wildpop,,2,0.125,0,,,0.125,0,SHB,0.0010,0.0020,0.0010,0.0010,0.9950,1,SHB,,,3,SHB,,132,136,116,118,116,116,155,155,130,130,180,180,178,178,91,93,167,167,114,114,201,201,122,126,178,178,162,164,238,238,285,289
055_02_SHB,SHB,wildpop,,2,0.0625,0,,,0.0625,0,SHB,0.0010,0.0030,0.0010,0.0010,0.9940,1,SHB,,,3,SHB,,132,132,116,118,116,116,155,155,126,130,180,180,178,178,85,95,161,167,114,114,201,201,110,122,178,178,160,170,238,238,285,287
056_02_SHB,SHB,wildpop,,2,0.125,0,,,0.125,0,SHB,0.0010,0.0018,0.0010,0.0010,0.9952,1,SHB,,,3,SHB,,128,132,118,118,116,116,155,155,130,132,180,180,178,178,85,91,167,167,114,114,201,201,122,122,178,178,164,168,238,238,287,289
057_02_SHB,SHB,wildpop,,2,0.125,0,,,0.0625,0,SHB,0.0010,0.0020,0.0010,0.0010,0.9950,1,SHB,,,3,SHB,,132,132,116,118,116,116,155,155,130,130,180,180,178,178,91,93,161,167,114,114,201,203,122,122,178,178,154,174,238,238,287,287
058_02_SHB,SHB,wildpop,,2,0.1875,0,,,0.0625,0,SHB,0.0010,0.0020,0.0010,0.0010,0.9950,1,SHB,,,3,SHB,,130,132,116,118,116,116,155,155,130,132,180,180,178,178,89,89,161,167,114,114,201,203,122,122,178,178,156,158,238,238,287,289
059_02_SHB,SHB,wildpop,,2,0.066666667,0,,,0.2,0,SHB,0.0010,0.0020,0.0010,0.0010,0.9950,1,SHB,,,3,SHB,,128,132,116,116,116,116,155,155,130,132,180,180,178,178,91,91,161,167,114,114,201,201,110,122,178,178,158,172,238,238,-9,-9
060_02_SHB,SHB,wildpop,,2,0.133333333,0,,,0.133333333,0,SHB,0.0010,0.0020,0.0010,0.0010,0.9950,1,SHB,,,3,SHB,,132,136,116,116,116,116,155,155,130,132,180,180,178,178,91,91,161,167,114,114,201,201,110,122,178,178,144,160,238,238,285,287
061_02_SHB,SHB,wildpop,,2,0.0625,0,,,0.0625,0,SHB,0.0010,0.0010,0.0010,0.0010,0.9960,1,SHB,,,3,SHB,,132,132,118,118,116,116,155,155,132,132,180,180,178,178,85,89,167,167,114,114,201,203,122,122,178,178,148,162,238,238,287,287
062_03_ALB,ALB,wildpop,,3,0.2,0.7659724,0.066666667,0.8807305,,,ALB,0.0010,0.9896,0.0010,0.0020,0.0064,1,ALB,2,ALB,,,,130,132,108,108,116,116,155,155,130,134,180,180,196,200,93,95,159,159,114,114,201,201,86,126,180,180,126,126,238,238,297,303
063_03_ALB,ALB,wildpop,,3,0,1,0.066666667,1,,,ALB,0.0010,0.9950,0.0020,0.0010,0.0010,1,ALB,2,ALB,,,,130,140,104,106,118,118,155,155,132,132,180,180,196,200,87,95,151,159,114,114,201,201,86,86,180,180,126,126,238,238,297,303
064_03_ALB,ALB,wildpop,,3,0.25,0.907566,0,1,,,ALB,0.0010,0.9950,0.0010,0.0010,0.0020,1,ALB,2,ALB,,,,130,132,106,108,118,118,155,155,130,134,180,180,196,196,93,95,151,159,114,114,199,201,86,126,180,180,112,126,238,238,285,297
065_03_ALB,ALB,wildpop,,3,0.125,1,0.0625,1,,,ALB,0.0010,0.9960,0.0010,0.0010,0.0010,1,ALB,2,ALB,,,,130,130,104,106,118,118,155,155,134,134,180,180,196,200,93,95,159,159,114,114,199,201,86,86,180,180,126,126,238,238,285,297
066_03_ALB,ALB,wildpop,,3,0.125,0.9425163,0.125,0.940838,,,ALB,0.0010,0.9921,0.0020,0.0020,0.0029,1,ALB,2,ALB,,,,130,140,104,104,116,118,155,155,126,134,180,180,196,200,93,95,159,159,114,114,201,201,86,86,180,180,126,126,238,238,295,297
067_03_ALB,ALB,wildpop,,3,0.0625,0.7800469,0.125,0.8667838,,,ALB,0.0020,0.9773,0.0020,0.0122,0.0065,1,ALB,2,ALB,,,,132,132,108,108,116,116,155,155,130,134,180,180,196,196,87,97,151,159,114,114,199,201,86,126,180,180,126,126,238,238,273,297
068_03_SHB,SHB,wildpop,,3,0.0625,0,,,0.0625,0,SHB,0.0010,0.0020,0.0010,0.0010,0.9950,1,SHB,,,3,SHB,,132,132,116,118,116,116,155,155,130,132,180,180,178,178,91,91,167,167,114,114,201,201,122,124,178,178,148,176,238,238,287,289
069_03_SHB,SHB,wildpop,,3,0.133333333,0,,,0.066666667,0,SHB,0.0010,0.0015,0.0010,0.0010,0.9955,1,SHB,,,3,SHB,,132,136,116,116,116,116,155,155,126,132,180,180,178,178,85,89,161,167,114,114,201,201,122,122,178,178,144,154,238,238,285,289
070_03_SHB,SHB,wildpop,,3,0.133333333,0,,,0.066666667,0,SHB,0.0010,0.0020,0.0010,0.0010,0.9950,1,SHB,,,3,SHB,,132,132,116,116,116,116,155,155,130,130,180,180,178,178,91,93,167,167,114,114,201,203,110,110,178,178,144,162,238,238,287,287
071_03_SHB,SHB,wildpop,,3,0.0625,0,,,0.0625,0,SHB,0.0010,0.0013,0.0010,0.0010,0.9957,1,SHB,,,3,SHB,,132,138,118,118,116,116,155,155,132,132,180,180,178,178,89,93,161,167,114,114,201,201,122,122,178,178,158,176,238,238,285,289
072_03_SHB,SHB,wildpop,,3,0,0,,,0,0,SHB,0.0010,0.0010,0.0010,0.0010,0.9960,1,SHB,,,3,SHB,,128,132,116,116,116,116,155,155,126,130,180,180,178,178,89,89,161,167,114,114,203,203,122,122,178,178,158,158,238,238,285,287
073_03_SHB,SHB,wildpop,,3,0.125,0,,,0.1875,0,SHB,0.0010,0.0012,0.0010,0.0010,0.9958,1,SHB,,,3,SHB,,128,132,116,116,116,116,155,155,130,132,180,180,178,178,89,91,167,167,114,114,201,201,110,122,178,178,156,158,238,238,287,287
074_03_SHB,SHB,wildpop,,3,0.0625,0,,,0,0,SHB,0.0010,0.0010,0.0010,0.0010,0.9960,1,SHB,,,3,SHB,,128,128,116,118,116,116,155,155,132,134,180,180,178,178,89,93,167,167,114,114,201,201,122,122,178,178,154,168,238,238,287,289
075_03_SHB,SHB,wildpop,,3,0.0625,0,,,0.125,0,SHB,0.0010,0.0020,0.0010,0.0010,0.9950,1,SHB,,,3,SHB,,132,132,118,118,116,116,155,155,130,132,180,180,178,178,85,93,161,167,114,114,201,201,122,122,178,178,160,172,238,238,285,287
076_03_SHB,SHB,wildpop,,3,0,0,,,0,0,SHB,0.0010,0.0011,0.0010,0.0010,0.9959,1,SHB,,,3,SHB,,132,132,116,116,116,116,155,155,132,132,180,180,178,178,85,109,161,167,114,114,201,201,122,122,178,178,156,158,238,238,289,289
077_03_SHB,SHB,wildpop,,3,0.1875,0.0570166,,,0.133333333,0.0384653,SHB,0.0010,0.0012,0.0020,0.0011,0.9947,1,SHB,,,3,SHB,,132,132,116,120,116,116,155,155,132,132,180,180,178,178,89,91,167,167,114,114,201,203,110,110,178,178,164,164,238,238,281,287
078_03_SHB,SHB,wildpop,,3,0.125,0,,,0.125,0,SHB,0.0010,0.0020,0.0010,0.0010,0.9950,1,SHB,,,3,SHB,,132,136,116,118,116,116,155,155,126,132,180,180,178,178,91,91,167,167,114,114,201,201,110,122,178,178,148,176,238,238,285,287
079_04_ALB,F1 ALB x CHB,wildpop,,4,,,0.375,0.6595415,,,F2 ALB x CHB,0.0020,0.6648,0.0010,0.3267,0.0055,,,2,F2 ALB x CHB,,,,132,146,96,108,116,116,155,155,114,134,180,180,196,196,93,93,159,159,114,116,199,211,86,86,180,188,126,126,238,238,287,297
080_04_ALB,ALB,wildpop,,4,0,0.8691129,0.066666667,1,,,ALB,0.0010,0.9950,0.0010,0.0010,0.0020,1,ALB,2,ALB,,,,132,132,108,108,118,118,155,155,130,130,180,180,196,200,85,93,159,159,114,114,199,201,86,86,180,180,126,126,238,238,285,303
081_04_ALB,ALB,wildpop,,4,0.25,0.9064305,0.066666667,1,,,ALB,0.0030,0.9920,0.0020,0.0010,0.0020,1,ALB,2,ALB,,,,130,132,106,108,118,118,155,155,130,132,180,180,196,200,87,95,151,159,114,114,201,201,86,120,178,180,126,126,238,238,295,297
082_04_CHB,F1 ALB x CHB,wildpop,,4,,,0.6,0.3421507,,,BC CHB x ALB,0.0010,0.3711,0.0020,0.6229,0.0030,,,2,BC CHB x ALB,,,,132,146,96,108,116,116,155,177,114,130,180,180,196,196,93,97,151,175,116,116,201,211,110,110,180,188,126,170,238,238,303,303
083_04_CHB,F1 ALB x CHB,wildpop,,4,,,0.5,0.5650215,,,F1 ALB x CHB,0.0020,0.6133,0.0020,0.3787,0.0040,,,2,F1 ALB x CHB,,,,130,132,104,108,116,116,155,177,114,130,180,180,196,200,95,95,159,175,114,114,201,211,86,110,180,188,126,162,238,238,297,319
084_04_CHB,CHB,wildpop,,4,,,0.357142857,0.1879158,,,CHB,0.0020,0.0122,0.0020,0.9496,0.0342,,,2,CHB,,,,146,146,96,98,116,116,155,177,114,114,180,180,196,196,85,130,161,175,116,116,201,211,110,126,178,188,166,166,238,238,271,301
085_04_CHB,CHB,wildpop,,4,,,0.066666667,0.0379356,,,CHB,0.0010,0.0102,0.0020,0.9858,0.0010,,,2,CHB,,,,146,154,96,96,116,116,177,177,114,114,180,180,196,196,97,97,161,175,116,116,211,211,110,110,180,188,126,126,238,238,273,319
086_04_SHB,SHB,wildpop,,4,0,0,,,0,0,SHB,0.0010,0.0020,0.0010,0.0010,0.9950,1,SHB,,,3,SHB,,128,132,116,118,116,116,155,155,130,130,180,180,178,178,85,89,167,167,114,114,201,201,110,110,178,178,154,168,238,238,285,287
087_04_SHB,SHB,wildpop,,4,0.0625,0,,,0.0625,0,SHB,0.0010,0.0020,0.0010,0.0010,0.9950,1,SHB,,,3,SHB,,128,132,116,118,116,116,155,155,130,130,180,180,178,178,89,91,167,167,114,114,201,201,122,126,178,178,164,176,238,238,287,289
088_04_SHB,SHB,wildpop,,4,0.125,0,,,0,0,SHB,0.0010,0.0011,0.0010,0.0010,0.9959,1,SHB,,,3,SHB,,132,132,116,116,116,116,155,155,132,134,180,180,178,178,89,89,167,167,114,114,201,203,122,126,178,178,158,158,238,238,287,289
089_04_SHB,SHB,wildpop,,4,0.0625,0,,,0.125,0.0157304,SHB,0.0010,0.0020,0.0010,0.0010,0.9950,1,SHB,,,3,SHB,,132,132,118,120,116,116,155,155,130,130,180,180,178,178,89,93,167,167,114,114,201,203,122,126,178,178,158,172,238,238,285,285
090_04_SHB,SHB,wildpop,,4,0.125,0,,,0.125,0,SHB,0.0010,0.0015,0.0010,0.0010,0.9955,1,SHB,,,3,SHB,,128,132,116,116,116,116,155,155,130,132,180,180,178,178,89,91,167,167,114,114,201,201,124,126,178,178,154,154,238,238,287,289
091_04_SHB,SHB,wildpop,,4,0.0625,0,,,0.1875,0,SHB,0.0010,0.0020,0.0010,0.0010,0.9950,1,SHB,,,3,SHB,,132,132,116,118,116,116,155,155,130,134,180,180,178,178,85,91,167,167,114,114,201,201,110,122,178,178,154,156,238,238,287,287
092_04_SHB,SHB,wildpop,,4,0.2,0,,,0.2,0,SHB,0.0010,0.0010,0.0010,0.0010,0.9960,1,SHB,,,3,SHB,,128,132,116,116,116,116,155,155,126,132,180,180,178,178,89,91,167,167,114,114,201,203,110,122,178,178,144,166,238,238,287,289
093_04_SHB,SHB,wildpop,,4,0.0625,0,,,0.125,0,SHB,0.0010,0.0010,0.0010,0.0010,0.9960,1,SHB,,,3,SHB,,132,132,116,118,116,116,155,155,126,132,180,180,178,178,85,89,167,167,114,114,201,201,110,122,178,178,156,164,238,238,287,289
094_04_SHB,SHB,wildpop,,4,0,0,,,0,0,SHB,0.0010,0.0010,0.0010,0.0010,0.9960,1,SHB,,,3,SHB,,132,132,116,118,116,116,155,155,110,132,180,180,178,178,85,89,167,167,114,114,201,201,122,122,178,178,148,158,238,238,287,287
095_04_SHB,SHB,wildpop,,4,0.1875,0,,,0.125,0,SHB,0.0010,0.0010,0.0010,0.0010,0.9960,1,SHB,,,3,SHB,,128,138,116,118,116,116,155,155,130,132,180,180,178,178,89,93,167,167,114,114,201,203,122,122,178,178,164,170,238,238,285,287
096_04_SHB,SHB,wildpop,,4,0.0625,0,,,0.0625,0,SHB,0.0010,0.0016,0.0010,0.0010,0.9954,1,SHB,,,3,SHB,,128,132,116,118,116,116,155,155,130,132,180,180,178,178,93,109,167,167,114,114,201,201,122,122,178,178,154,164,238,238,287,289
097_04_SHB,F1 SHB x CHB,wildpop,,4,,,,,,,MULTIPLE,0.0020,0.0032,0.0010,0.5678,0.4260,,,,,,,N,130,146,96,116,116,116,155,177,114,134,180,180,178,196,89,130,167,175,114,116,201,211,110,110,178,188,148,162,238,238,273,287
098_04_SHB,SHB,wildpop,,4,0,0,,,0.066666667,0,SHB,0.0010,0.0010,0.0010,0.0010,0.9960,1,SHB,,,3,SHB,,132,132,118,118,116,116,155,155,110,132,180,180,178,178,85,89,167,167,114,114,201,201,110,122,178,178,168,176,238,238,287,289
099_04_SHB,SHB,wildpop,,4,0.1875,0.0144752,,,0.125,0,SHB,0.0010,0.0040,0.0010,0.0010,0.9930,1,SHB,,,3,SHB,,132,132,116,116,116,116,155,155,130,130,180,180,178,178,89,91,167,167,114,114,201,203,122,122,178,180,158,162,238,238,289,289
100_04_SHB,SHB,wildpop,,4,0.133333333,0,,,0.066666667,0,SHB,0.0010,0.0030,0.0010,0.0010,0.9940,1,SHB,,,3,SHB,,130,132,116,116,116,116,155,155,132,134,180,180,178,178,89,89,167,167,114,114,201,201,110,124,178,178,144,160,238,238,287,287
101_05_ALB,ALB,wildpop,,5,0.230769231,0.9568208,0,1,,,ALB,0.0015,0.9925,0.0030,0.0010,0.0020,1,ALB,2,ALB,,,,130,132,106,106,-9,-9,155,155,130,132,-9,-9,200,200,95,95,155,159,114,114,199,201,86,86,180,180,120,126,238,238,285,297
102_05_ALB,ALB,wildpop,,5,0.071428571,0.9055801,0,1,,,ALB,0.0020,0.9920,0.0030,0.0010,0.0020,1,ALB,2,ALB,,,,132,132,106,106,-9,-9,155,155,130,134,-9,-9,196,196,91,91,155,159,114,114,199,201,86,86,180,180,126,126,238,238,283,285
103_05_ALB,ALB,wildpop,,5,0,0.9220167,0,1,,,ALB,0.0010,0.9950,0.0010,0.0010,0.0020,1,ALB,2,ALB,,,,132,132,106,106,-9,-9,155,155,130,134,180,180,196,196,87,95,151,159,114,114,201,201,86,86,180,180,126,126,238,238,297,303
104_05_ALB,ALB,wildpop,,5,0.142857143,0.9855435,0,1,,,ALB,0.0010,0.9950,0.0010,0.0010,0.0020,1,ALB,2,ALB,,,,130,130,104,106,-9,-9,155,155,130,134,-9,-9,196,196,85,87,151,159,114,114,201,201,86,86,180,180,128,134,238,238,285,301
105_05_ALB,ALB,wildpop,,5,0.2,0.7758561,0,1,,,ALB,0.0010,0.9940,0.0010,0.0010,0.0030,1,ALB,2,ALB,,,,132,132,106,106,-9,-9,155,155,130,134,180,180,196,196,85,91,159,159,114,114,201,201,86,126,180,180,112,128,238,238,285,297
106_05_ALB,ALB,wildpop,,5,0.285714286,0.8992902,0.071428571,1,,,ALB,0.0010,0.9950,0.0010,0.0010,0.0020,1,ALB,2,ALB,,,,130,132,104,106,-9,-9,155,155,130,132,180,180,196,200,87,95,151,159,114,114,201,201,86,126,178,180,126,126,238,238,297,303
107_05_ALB,ALB,wildpop,,5,0.066666667,0.8559284,0,1,,,ALB,0.0010,0.9948,0.0010,0.0010,0.0022,1,ALB,2,ALB,,,,132,132,106,106,-9,-9,155,155,132,134,180,180,194,196,87,95,151,159,114,114,201,201,86,86,180,180,126,126,238,238,285,285
108_05_ALB,ALB,wildpop,,5,0.066666667,0.9363419,0,1,,,ALB,0.0010,0.9940,0.0010,0.0010,0.0030,1,ALB,2,ALB,,,,130,132,104,108,-9,-9,155,155,130,130,180,180,200,200,87,87,151,159,114,114,199,201,86,86,180,180,112,112,238,238,285,287
109_05_ALB,ALB,wildpop,,5,0.133333333,0.9774775,0.066666667,1,,,ALB,0.0010,0.9950,0.0010,0.0010,0.0020,1,ALB,2,ALB,,,,130,130,104,106,118,118,155,155,130,134,-9,-9,196,200,87,91,159,159,114,114,201,201,86,126,180,180,126,126,238,238,285,297
110_05_ALB,ALB,wildpop,,5,0.133333333,0.8674631,0,1,,,ALB,0.0010,0.9950,0.0010,0.0010,0.0020,1,ALB,2,ALB,,,,130,132,104,106,118,118,155,155,130,134,180,180,196,196,85,93,159,159,114,114,199,201,86,126,180,180,126,126,238,238,285,303
111_05_ALB,ALB,wildpop,,5,0.066666667,0.9224763,0,1,,,ALB,0.0010,0.9950,0.0010,0.0010,0.0020,1,ALB,2,ALB,,,,132,132,106,106,118,118,155,155,130,132,180,180,196,196,91,91,159,159,114,114,201,201,86,86,180,180,112,112,238,238,301,307
112_05_ALB,ALB,wildpop,,5,0.066666667,0.997138,0.125,0.940413,,,ALB,0.0041,0.9899,0.0020,0.0020,0.0020,1,ALB,2,ALB,,,,130,132,104,106,118,118,155,155,128,132,180,180,196,200,91,95,151,159,114,114,201,201,86,86,180,180,126,126,238,238,295,297
113_05_ALB,ALB,wildpop,,5,0.0625,1,0,1,,,ALB,0.0010,0.9950,0.0010,0.0010,0.0020,1,ALB,2,ALB,,,,130,130,104,104,118,118,155,155,130,130,180,180,194,194,91,91,159,159,114,114,201,201,86,86,180,180,126,126,238,238,285,297
114_05_ALB,ALB,wildpop,,5,0.214285714,0.9224164,0.071428571,1,,,ALB,0.0010,0.9949,0.0011,0.0010,0.0020,1,ALB,2,ALB,,,,130,132,104,104,118,118,155,155,130,132,-9,-9,196,200,87,91,151,151,114,114,201,201,86,126,180,180,126,126,238,238,297,303
115_05_ALB,ALB,wildpop,,5,0.214285714,0.9026992,0,1,,,ALB,0.0010,0.9949,0.0010,0.0010,0.0021,1,ALB,2,ALB,,,,130,132,104,106,-9,-9,155,155,130,132,180,180,196,196,91,91,151,159,114,114,201,201,86,126,180,180,112,126,238,238,285,303
116_05_ALB,ALB,wildpop,,5,0.133333333,0.9632209,0,1,,,ALB,0.0010,0.9940,0.0010,0.0010,0.0030,1,ALB,2,ALB,,,,130,132,104,106,118,118,155,155,130,134,-9,-9,196,196,91,91,159,159,114,114,201,201,86,86,180,180,112,126,238,238,287,301
117_05_ALB,ALB,wildpop,,5,0.083333333,0.9747868,0,1,,,ALB,0.0011,0.9939,0.0020,0.0010,0.0020,1,ALB,2,ALB,,,,130,132,104,106,-9,-9,155,155,130,134,-9,-9,190,200,95,95,151,159,114,114,201,201,86,86,180,180,126,126,238,238,297,303
118_05_ALB,ALB,wildpop,,5,0.153846154,0.9146974,0,1,,,ALB,0.0010,0.9949,0.0011,0.0010,0.0020,1,ALB,2,ALB,,,,130,132,106,106,-9,-9,155,155,132,132,-9,-9,196,196,85,95,159,159,114,114,199,201,86,86,180,180,-9,-9,238,238,297,297
119_05_ALB,ALB,wildpop,,5,0.2,0.9614839,0,1,,,ALB,0.0010,0.9950,0.0010,0.0010,0.0020,1,ALB,2,ALB,,,,130,132,106,106,-9,-9,155,155,130,132,180,180,196,196,91,91,151,151,114,114,201,201,86,86,180,180,126,126,238,238,285,297
120_05_ALB,ALB,wildpop,,5,0.071428571,0.8799661,0.071428571,1,,,ALB,0.0010,0.9949,0.0011,0.0010,0.0020,1,ALB,2,ALB,,,,132,132,106,106,-9,-9,155,155,134,134,-9,-9,196,200,85,95,151,159,114,114,201,201,86,86,180,180,126,126,238,238,299,301
121_05_ALB,ALB,wildpop,,5,0.142857143,0.927851,0.142857143,0.9340301,,,ALB,0.0010,0.9910,0.0040,0.0020,0.0020,1,ALB,2,ALB,,,,130,130,104,106,-9,-9,155,155,130,130,-9,-9,196,200,95,101,159,159,114,114,201,201,86,86,180,180,126,126,238,238,285,297
122_05_ALB,ALB,wildpop,,5,0.153846154,0.9728417,0.076923077,1,,,ALB,0.0010,0.9947,0.0010,0.0010,0.0023,1,ALB,2,ALB,,,,130,130,104,106,-9,-9,155,155,130,134,-9,-9,196,200,91,91,159,159,114,114,201,201,86,126,178,180,112,112,238,238,285,303
123_05_ALB,ALB,wildpop,,5,0.214285714,0.9058844,0,1,,,ALB,0.0010,0.9950,0.0010,0.0010,0.0020,1,ALB,2,ALB,,,,130,132,104,106,-9,-9,155,155,130,134,-9,-9,196,196,85,91,159,159,114,114,201,201,86,86,180,180,126,126,238,238,285,297
124_05_ALB,ALB,wildpop,,5,0.076923077,1,0.076923077,1,,,ALB,0.0010,0.9940,0.0020,0.0010,0.0020,1,ALB,2,ALB,,,,130,130,104,106,-9,-9,155,155,132,132,180,180,196,200,87,93,151,159,114,114,201,201,86,86,180,180,-9,-9,238,238,303,303
125_05_ALB,ALB,wildpop,,5,0.142857143,1,0,1,,,ALB,0.0010,0.9950,0.0010,0.0010,0.0020,1,ALB,2,ALB,,,,130,130,106,106,-9,-9,155,155,130,132,180,180,196,196,87,93,151,159,114,114,199,201,86,86,180,180,126,126,238,238,285,303
126_05_ALB,ALB,wildpop,,5,0.133333333,0.9928564,0.066666667,1,,,ALB,0.0010,0.9950,0.0010,0.0010,0.0020,1,ALB,2,ALB,,,,130,132,104,108,-9,-9,155,155,130,130,180,180,196,200,87,95,159,159,114,114,199,201,86,86,178,180,126,126,238,238,297,297
127_05_ALB,ALB,wildpop,,5,0.071428571,0.9090009,0.071428571,1,,,ALB,0.0010,0.9940,0.0020,0.0010,0.0020,1,ALB,2,ALB,,,,132,132,108,108,-9,-9,155,155,130,130,180,180,196,200,87,93,155,159,114,114,199,201,86,86,180,180,112,112,238,238,285,303
128_05_ALB,ALB,wildpop,,5,0.133333333,0.8643655,0.066666667,1,,,ALB,0.0011,0.9949,0.0010,0.0010,0.0020,1,ALB,2,ALB,,,,130,132,106,108,-9,-9,155,155,130,130,180,180,196,200,87,87,159,159,114,114,199,199,126,126,180,180,112,126,238,238,285,297
129_06_ALB,ALB,wildpop,,6,0.2,0.9200637,0.066666667,1,,,ALB,0.0010,0.9950,0.0010,0.0010,0.0020,1,ALB,2,ALB,,,,130,132,104,106,-9,-9,155,155,130,134,180,180,196,200,85,95,159,159,114,114,199,201,86,86,180,180,126,126,238,238,285,297
130_06_ALB,ALB,wildpop,,6,0.133333333,0.8706571,0,1,,,ALB,0.0010,0.9950,0.0010,0.0010,0.0020,1,ALB,2,ALB,,,,132,132,106,106,118,118,155,155,130,130,180,180,196,196,85,95,159,159,114,114,201,201,86,86,178,180,126,126,238,238,301,307
131_06_ALB,ALB,wildpop,,6,0.142857143,0.7837414,0,1,,,ALB,0.0010,0.9940,0.0010,0.0010,0.0030,1,ALB,2,ALB,,,,132,132,106,106,-9,-9,155,155,130,132,-9,-9,196,196,85,95,151,159,114,114,201,201,86,86,180,180,126,126,238,238,285,285
132_06_ALB,ALB,wildpop,,6,0,0.9126672,0,1,,,ALB,0.0010,0.9950,0.0010,0.0010,0.0020,1,ALB,2,ALB,,,,132,132,106,106,-9,-9,155,155,130,134,-9,-9,196,196,91,91,151,159,114,114,201,201,86,86,180,180,126,126,238,238,297,303
133_06_ALB,ALB,wildpop,,6,0.125,0.9515985,0,1,,,ALB,0.0010,0.9950,0.0020,0.0010,0.0010,1,ALB,2,ALB,,,,130,132,104,106,118,118,155,155,130,134,180,180,196,196,87,87,155,159,114,114,199,201,86,126,180,180,126,128,238,238,295,297
134_06_ALB,ALB,wildpop,,6,0.142857143,0.9201023,0.071428571,1,,,ALB,0.0010,0.9950,0.0010,0.0010,0.0020,1,ALB,2,ALB,,,,130,132,106,106,118,118,155,155,130,134,180,180,196,200,87,95,151,159,114,114,201,201,86,126,180,180,118,126,238,238,297,303
135_06_ALB,ALB,wildpop,,6,0.133333333,0.9852291,0.066666667,1,,,ALB,0.0010,0.9945,0.0020,0.0010,0.0015,1,ALB,2,ALB,,,,130,132,104,106,118,118,155,155,130,130,180,180,196,200,87,91,159,159,106,114,199,201,86,86,180,180,126,126,238,238,285,297
136_06_ALB,ALB,wildpop,,6,0,0.9171812,0,1,,,ALB,0.0010,0.9950,0.0010,0.0010,0.0020,1,ALB,2,ALB,,,,132,132,106,106,-9,-9,155,155,130,134,-9,-9,196,196,87,91,151,159,114,114,201,201,86,86,180,180,126,126,238,238,297,303
137_06_ALB,ALB,wildpop,,6,0.071428571,0.9925332,0,1,,,ALB,0.0010,0.9960,0.0010,0.0010,0.0010,1,ALB,2,ALB,,,,130,132,104,106,118,118,155,155,130,130,-9,-9,196,196,87,95,159,159,114,114,201,201,86,86,180,180,126,126,238,238,297,303
138_06_ALB,ALB,wildpop,,6,0.285714286,0.8936499,0.071428571,1,,,ALB,0.0010,0.9950,0.0010,0.0010,0.0020,1,ALB,2,ALB,,,,130,132,106,106,-9,-9,155,155,130,132,-9,-9,196,200,87,87,151,151,114,114,201,201,86,126,180,180,112,126,238,238,285,297
139_06_ALB,ALB,wildpop,,6,0.2,0.7729754,0,0.9059527,,,ALB,0.0010,0.9870,0.0010,0.0020,0.0090,1,ALB,2,ALB,,,,130,132,104,106,116,116,155,155,130,130,180,180,196,196,91,95,151,159,114,114,201,201,86,126,178,180,126,126,238,238,297,303
141_06_ALB,ALB,wildpop,,6,0.066666667,0.8423958,0,1,,,ALB,0.0010,0.9950,0.0010,0.0010,0.0020,1,ALB,2,ALB,,,,132,132,106,106,118,118,155,155,130,130,-9,-9,196,196,91,95,151,159,114,114,199,199,86,126,180,180,112,126,238,238,285,285
142_06_ALB,ALB,wildpop,,6,0.214285714,0.9088646,0,1,,,ALB,0.0010,0.9950,0.0010,0.0010,0.0020,1,ALB,2,ALB,,,,130,132,104,106,-9,-9,155,155,130,130,-9,-9,196,196,85,95,159,159,114,114,201,201,86,86,180,180,126,126,238,238,285,297
143_06_ALB,ALB,wildpop,,6,0.166666667,0.9696821,0,1,,,ALB,0.0010,0.9940,0.0020,0.0010,0.0020,1,ALB,2,ALB,,,,130,132,-9,-9,-9,-9,155,155,130,132,-9,-9,196,196,-9,-9,151,159,114,114,201,201,86,86,180,180,126,126,238,238,297,297
144_06_ALB,ALB,wildpop,,6,0.1875,0.965382,0,1,,,ALB,0.0010,0.9950,0.0010,0.0010,0.0020,1,ALB,2,ALB,,,,130,130,106,106,118,118,155,155,130,132,180,180,196,196,87,95,151,159,114,114,199,201,86,126,180,180,126,126,238,238,287,297
145_06_ALB,ALB,wildpop,,6,0.142857143,0.9215048,0.071428571,1,,,ALB,0.0010,0.9950,0.0010,0.0010,0.0020,1,ALB,2,ALB,,,,132,132,106,106,-9,-9,155,155,130,132,-9,-9,196,200,91,95,151,151,114,114,199,201,86,86,178,180,126,126,238,238,297,297
146_06_ALB,ALB,wildpop,,6,0.066666667,0.8824971,0.066666667,1,,,ALB,0.0010,0.9950,0.0010,0.0010,0.0020,1,ALB,2,ALB,,,,132,132,106,106,-9,-9,155,155,134,134,180,180,196,200,85,95,159,159,114,114,201,201,86,86,180,180,112,126,238,238,299,301
147_06_ALB,ALB,wildpop,,6,0,0.9421456,0,1,,,ALB,0.0010,0.9950,0.0010,0.0010,0.0020,1,ALB,2,ALB,,,,132,132,106,106,-9,-9,155,155,130,134,180,180,196,196,87,95,159,159,114,114,199,201,86,86,180,180,112,126,238,238,299,301
148_06_ALB,ALB,wildpop,,6,0.2,0.930747,0.066666667,1,,,ALB,0.0010,0.9950,0.0010,0.0010,0.0020,1,ALB,2,ALB,,,,130,132,104,106,118,118,155,155,130,134,-9,-9,196,200,85,91,151,159,114,114,199,201,86,86,180,180,126,126,238,238,285,297
149_06_ALB,ALB,wildpop,,6,0.071428571,0.8766606,0,1,,,ALB,0.0010,0.9950,0.0010,0.0010,0.0020,1,ALB,2,ALB,,,,132,132,106,106,118,118,155,155,130,130,-9,-9,196,196,85,91,151,159,114,114,201,201,86,86,180,180,126,126,238,238,285,303
150_06_ALB,ALB,wildpop,,6,0.1875,0.9748548,0.0625,1,,,ALB,0.0010,0.9950,0.0010,0.0010,0.0020,1,ALB,2,ALB,,,,130,132,104,106,118,118,155,155,130,132,180,180,196,200,91,95,151,159,114,114,201,201,86,86,180,180,126,126,238,238,285,297
151_06_ALB,ALB,wildpop,,6,0.142857143,0.9899156,0.071428571,1,,,ALB,0.0010,0.9958,0.0011,0.0010,0.0011,1,ALB,2,ALB,,,,130,132,104,106,118,118,155,155,130,132,-9,-9,196,200,91,95,159,159,114,114,199,201,86,118,180,180,112,126,238,238,297,303
152_06_ALB,ALB,wildpop,,6,0.133333333,0.9754542,0,1,,,ALB,0.0010,0.9950,0.0010,0.0010,0.0020,1,ALB,2,ALB,,,,130,132,106,108,118,118,155,155,132,132,180,180,196,196,87,93,151,159,114,114,199,201,86,86,180,180,126,126,238,238,297,303
153_06_ALB,ALB,wildpop,,6,0.133333333,0.9818027,0.066666667,1,,,ALB,0.0010,0.9950,0.0010,0.0010,0.0020,1,ALB,2,ALB,,,,130,132,106,108,118,118,155,155,134,134,180,180,196,200,93,95,151,159,114,114,201,201,86,86,180,180,126,126,238,238,285,303
154_06_ALB,ALB,wildpop,,6,0.266666667,0.9063823,0,1,,,ALB,0.0010,0.9950,0.0010,0.0010,0.0020,1,ALB,2,ALB,,,,130,132,106,108,-9,-9,155,155,132,134,180,180,200,200,87,93,151,159,114,114,201,201,86,126,180,180,112,112,238,238,297,297
155_06_HYB,SHB,wildpop,,6,0.125,0,,,0.0625,0,SHB,0.0010,0.0011,0.0010,0.0010,0.9959,1,SHB,,,3,SHB,,128,128,116,118,116,116,155,155,132,134,180,180,178,178,89,91,161,167,114,114,201,201,110,110,178,178,154,160,238,238,285,287
156_06_HYB,SHB,wildpop,,6,0.0625,0,,,0.0625,0,SHB,0.0010,0.0010,0.0010,0.0010,0.9960,1,SHB,,,3,SHB,,128,128,116,116,116,116,155,155,132,134,180,180,178,178,89,89,167,167,114,114,201,201,110,122,178,178,156,164,238,238,287,287
157_06_REB,F1 SHB x REB,wildpop,,6,,,,,0.642857143,0.4411111,F1 SHB x REB,0.0040,0.0110,0.4051,0.0040,0.5759,,,,,3,F1 SHB x REB,,132,142,112,116,116,116,155,191,130,134,180,180,178,200,87,89,167,171,114,114,201,213,110,110,178,184,126,156,238,238,277,285
158_06_REB,F1 SHB x REB,wildpop,,6,,,,,0.733333333,0.4131459,F1 SHB x REB,0.0020,0.0323,0.3920,0.0030,0.5707,,,,,3,F1 SHB x REB,,128,142,112,116,116,116,155,191,130,134,180,182,178,196,85,105,167,171,114,114,201,213,110,122,178,180,126,154,238,238,285,303
159_06_SHB,SHB,wildpop,,6,0.0625,0,,,0.125,0,SHB,0.0010,0.0020,0.0010,0.0010,0.9950,1,SHB,,,3,SHB,,132,132,116,118,116,116,155,155,130,130,180,180,178,178,89,91,161,167,114,114,201,201,110,122,178,178,156,164,238,238,287,287
160_06_SHB,SHB,wildpop,,6,0.2,0,,,0.133333333,0,SHB,0.0010,0.0030,0.0010,0.0019,0.9931,1,SHB,,,3,SHB,,132,138,116,116,-9,-9,155,155,132,132,180,180,178,178,85,95,167,167,114,114,201,203,110,126,178,178,140,170,238,238,285,285
161_06_SHB,SHB,wildpop,,6,0.1875,0.0057653,,,0.0625,0.0172411,SHB,0.0010,0.0040,0.0010,0.0010,0.9930,1,SHB,,,3,SHB,,132,132,118,120,116,116,155,155,132,134,180,180,178,178,89,89,167,167,114,114,201,203,122,126,178,180,158,160,238,238,287,289
162_06_SHB,SHB,wildpop,,6,0.0625,0,,,0.0625,0,SHB,0.0010,0.0010,0.0010,0.0018,0.9952,1,SHB,,,3,SHB,,132,132,116,118,116,116,155,155,130,134,180,180,178,178,85,89,161,167,114,114,201,203,110,110,178,178,140,160,238,238,287,287
163_06_SHB,SHB,wildpop,,6,0.1875,0,,,0.25,0,SHB,0.0010,0.0020,0.0010,0.0010,0.9950,1,SHB,,,3,SHB,,132,138,116,116,116,116,155,155,130,132,180,180,178,178,85,91,167,167,114,114,201,201,110,126,178,178,154,158,238,238,285,287
164_06_SHB,SHB,wildpop,,6,0.1875,0,,,0.125,0,SHB,0.0010,0.0020,0.0010,0.0010,0.9950,1,SHB,,,3,SHB,,132,138,116,116,116,116,155,155,134,134,180,180,178,178,85,91,161,161,114,114,201,203,122,126,178,178,154,170,238,238,285,285
165_07_ALB,ALB,wildpop,,7,0.071428571,0.9898432,0.071428571,1,,,ALB,0.0010,0.9949,0.0011,0.0010,0.0020,1,ALB,2,ALB,,,,130,132,104,106,-9,-9,155,155,130,134,-9,-9,196,200,91,91,151,159,114,114,201,201,86,86,180,180,112,126,238,238,301,301
166_07_ALB,ALB,wildpop,,7,0.071428571,0.9834122,0.071428571,1,,,ALB,0.0010,0.9950,0.0010,0.0010,0.0020,1,ALB,2,ALB,,,,130,130,104,106,-9,-9,155,155,130,130,180,180,196,200,87,95,151,159,114,114,201,201,86,126,180,180,126,126,238,238,301,307
167_07_ALB,ALB,wildpop,,7,0.066666667,0.996231,0.066666667,1,,,ALB,0.0010,0.9950,0.0010,0.0010,0.0020,1,ALB,2,ALB,,,,130,132,106,106,118,118,155,155,130,134,-9,-9,196,200,91,91,159,159,114,114,201,201,86,86,180,180,112,126,238,238,295,297
168_07_ALB,ALB,wildpop,,7,0.071428571,1,0,1,,,ALB,0.0010,0.9930,0.0030,0.0010,0.0020,1,ALB,2,ALB,,,,130,140,104,104,-9,-9,155,155,132,132,-9,-9,196,196,87,91,151,159,114,114,199,201,86,86,180,180,126,126,238,238,285,297
169_07_ALB,ALB,wildpop,,7,0.133333333,1,0.066666667,1,,,ALB,0.0010,0.9950,0.0010,0.0010,0.0020,1,ALB,2,ALB,,,,130,130,104,106,-9,-9,155,155,132,134,180,180,196,200,87,95,151,159,114,114,201,201,86,86,180,180,126,128,238,238,285,297
170_07_ALB,ALB,wildpop,,7,0.066666667,0.9918768,0,1,,,ALB,0.0010,0.9940,0.0020,0.0010,0.0020,1,ALB,2,ALB,,,,130,132,104,106,-9,-9,155,155,130,130,180,180,196,196,91,95,155,159,114,114,201,201,86,86,180,180,126,126,238,238,301,301
171_07_ALB,ALB,wildpop,,7,0.066666667,0.8970732,0.066666667,1,,,ALB,0.0010,0.9940,0.0020,0.0010,0.0020,1,ALB,2,ALB,,,,132,132,108,108,118,118,155,155,130,130,180,180,196,200,85,91,151,155,114,114,199,199,86,86,180,180,126,126,238,238,301,307
172_07_REB,F1 SHB x REB,wildpop,,7,,,,,0.4,0.4013968,F1 SHB x REB,0.0020,0.0020,0.3591,0.0030,0.6339,,,,,3,F1 SHB x REB,,132,142,114,116,116,116,155,155,132,134,180,182,178,200,91,105,167,171,114,114,201,213,110,110,178,182,154,154,238,238,277,285
173_07_SHB,SHB,wildpop,,7,0.125,0,,,0,0,SHB,0.0010,0.0010,0.0010,0.0010,0.9960,1,SHB,,,3,SHB,,128,132,116,116,116,116,155,155,132,134,180,180,178,178,85,89,167,167,114,114,201,203,110,110,178,178,164,164,238,238,285,287
174_07_SHB,SHB,wildpop,,7,0.133333333,0,,,0.1875,0.0525159,SHB,0.0010,0.0020,0.0030,0.0010,0.9930,1,SHB,,,3,SHB,,128,132,112,116,116,116,155,155,132,134,180,180,178,178,89,91,161,167,114,114,201,201,110,122,178,178,164,164,238,238,285,285
175_07_SHB,SHB,wildpop,,7,0,0,,,0,0,SHB,0.0010,0.0020,0.0014,0.0010,0.9946,1,SHB,,,3,SHB,,128,128,116,118,-9,-9,155,155,132,132,180,180,178,178,91,99,161,167,114,114,201,201,122,122,178,178,156,164,238,238,285,287
176_07_SHB,SHB,wildpop,,7,0.133333333,0.0145423,,,0.066666667,0,SHB,0.0010,0.0040,0.0010,0.0020,0.9920,1,SHB,,,3,SHB,,132,132,116,118,116,116,155,155,126,130,180,180,178,178,91,113,167,167,114,114,201,203,110,122,178,180,156,164,238,238,289,289
177_07_SHB,SHB,wildpop,,7,0.125,0,,,0,0,SHB,0.0010,0.0027,0.0010,0.0010,0.9943,1,SHB,,,3,SHB,,132,132,116,116,116,116,155,155,134,134,180,180,178,178,85,95,167,167,114,114,201,203,122,124,178,178,154,156,238,238,287,287
178_07_SHB,SHB,wildpop,,7,0.0625,0,,,0.0625,0,SHB,0.0010,0.0010,0.0010,0.0010,0.9960,1,SHB,,,3,SHB,,128,128,118,118,116,116,155,155,130,134,180,180,178,178,85,89,167,167,114,114,201,203,122,126,178,178,154,154,238,238,287,287
179_07_SHB,SHB,wildpop,,7,0.125,0,,,0.125,0,SHB,0.0010,0.0013,0.0010,0.0010,0.9957,1,SHB,,,3,SHB,,132,132,116,118,116,116,155,155,130,132,180,180,178,178,85,89,167,167,114,114,201,203,110,122,178,178,154,156,238,238,285,285
180_07_SHB,SHB,wildpop,,7,0.066666667,0,,,0.1875,0.0440702,SHB,0.0010,0.0010,0.0010,0.0020,0.9950,1,SHB,,,3,SHB,,128,132,118,118,116,116,155,155,130,132,180,180,178,178,89,105,161,167,114,114,201,201,110,124,178,178,156,164,238,238,287,289
181_07_SHB,SHB,wildpop,,7,0.0625,0,,,0.25,0.0257127,SHB,0.0010,0.0015,0.0011,0.0010,0.9954,1,SHB,,,3,SHB,,132,132,116,120,116,116,155,155,132,132,180,180,178,178,85,91,167,167,114,114,201,201,110,122,178,178,156,162,238,238,287,289
182_07_SHB,SHB,wildpop,,7,0.0625,0,,,0.125,0,SHB,0.0010,0.0020,0.0010,0.0010,0.9950,1,SHB,,,3,SHB,,132,132,116,116,116,116,155,155,130,130,180,180,178,178,89,91,167,167,114,114,201,201,110,122,178,178,140,170,238,238,287,287
183_07_SHB,SHB,wildpop,,7,0.0625,0,,,0.1875,0,SHB,0.0010,0.0020,0.0010,0.0010,0.9950,1,SHB,,,3,SHB,,132,132,116,118,116,116,155,155,130,134,180,180,178,178,89,91,167,167,114,114,201,201,110,122,178,178,154,156,238,238,285,287
184_07_SHB,SHB,wildpop,,7,0.1875,0,,,0.25,0,SHB,0.0010,0.0010,0.0010,0.0015,0.9955,1,SHB,,,3,SHB,,128,138,116,116,116,116,155,155,126,134,180,180,178,178,89,91,167,167,114,114,201,203,110,126,178,178,140,156,238,238,285,287
185_07_SHB,SHB,wildpop,,7,0.1875,0,,,0.0625,0,SHB,0.0010,0.0015,0.0010,0.0010,0.9955,1,SHB,,,3,SHB,,132,132,116,118,116,116,155,155,132,134,180,180,178,178,89,91,167,167,114,114,201,203,110,110,178,178,154,164,238,238,285,285
186_07_SHB,SHB,wildpop,,7,0,0,,,0.125,0.0195684,SHB,0.0010,0.0010,0.0010,0.0010,0.9960,1,SHB,,,3,SHB,,132,132,116,120,116,116,155,155,132,132,180,180,178,178,89,89,167,167,114,114,201,201,110,122,178,178,154,156,238,238,289,289
187_07_SHB,SHB,wildpop,,7,0,0,,,0.125,0,SHB,0.0010,0.0010,0.0010,0.0010,0.9960,1,SHB,,,3,SHB,,132,132,116,116,116,116,155,155,130,134,180,180,178,178,85,89,167,167,114,114,203,203,110,124,178,178,140,158,238,238,285,287
188_07_SHB,SHB,wildpop,,7,0,0,,,0.125,0,SHB,0.0010,0.0010,0.0010,0.0010,0.9960,1,SHB,,,3,SHB,,132,132,116,116,116,116,155,155,130,134,180,180,178,178,85,89,161,167,114,114,203,203,110,124,178,178,140,164,238,238,285,287
189_07_SHB,SHB,wildpop,,7,0.0625,0,,,0.125,0,SHB,0.0010,0.0020,0.0010,0.0010,0.9950,1,SHB,,,3,SHB,,128,132,116,118,116,116,155,155,130,130,180,180,178,178,89,91,167,167,114,114,201,201,110,126,178,178,158,160,238,238,287,289
190_07_SHB,BC SHB x ALB,wildpop,,7,0.25,0.2131832,,,,,BC SHB x ALB,0.0012,0.1835,0.0030,0.0030,0.8093,1,BC SHB x ALB,,,,,,128,132,116,118,116,118,155,155,132,144,180,180,178,196,85,89,167,167,114,114,201,201,122,126,178,178,112,140,238,238,287,289
191_08_ALB,ALB,wildpop,,8,0.066666667,0.9164281,0.066666667,1,,,ALB,0.0010,0.9940,0.0020,0.0010,0.0020,1,ALB,2,ALB,,,,132,132,104,106,-9,-9,155,155,130,130,180,180,196,200,87,87,155,159,114,114,199,201,86,86,180,180,126,126,238,238,285,297
192_08_ALB,ALB,wildpop,,8,0.142857143,0.9865916,0.142857143,1,,,ALB,0.0010,0.9930,0.0020,0.0020,0.0020,1,ALB,2,ALB,,,,130,132,104,106,-9,-9,155,155,132,134,-9,-9,196,200,87,97,159,159,114,114,201,201,86,86,180,180,126,126,238,238,297,297
193_08_ALB,ALB,wildpop,,8,0.133333333,0.97352,0,1,,,ALB,0.0010,0.9950,0.0010,0.0010,0.0020,1,ALB,2,ALB,,,,130,132,104,106,-9,-9,155,155,130,134,180,180,196,196,87,95,159,159,114,114,201,201,86,86,180,180,126,126,238,238,285,297
194_08_ALB,BC ALB x SHB,wildpop,,8,0.25,0.7488615,,,,,ALB,0.0010,0.8893,0.0020,0.0020,0.1057,1,ALB,,,,,,130,132,104,106,116,116,155,155,130,132,180,180,178,200,87,91,151,159,114,114,201,201,86,126,180,180,126,126,238,238,299,301
195_08_ALB,ALB,wildpop,,8,0,0.9323591,0.071428571,1,,,ALB,0.0010,0.9950,0.0010,0.0010,0.0020,1,ALB,2,ALB,,,,132,132,106,106,118,118,155,155,130,134,-9,-9,196,200,87,91,151,159,114,114,201,201,86,86,180,180,112,126,238,238,297,303
196_08_HYB,SHB,wildpop,,8,0.0625,0,,,0.125,0,SHB,0.0010,0.0011,0.0010,0.0010,0.9959,1,SHB,,,3,SHB,,132,132,116,118,116,116,155,155,126,130,180,180,178,178,85,91,167,167,114,114,203,203,110,122,178,178,140,158,238,238,285,285
197_08_HYB,SHB,wildpop,,8,0.25,0,,,0.1875,0,SHB,0.0010,0.0013,0.0010,0.0010,0.9957,1,SHB,,,3,SHB,,132,138,116,116,116,116,155,155,132,134,180,180,178,178,85,91,167,167,114,114,201,203,110,122,178,178,140,160,238,238,285,289
198_08_HYB,ALB x Multiple,wildpop,,8,,,,,,,MULTIPLE,0.0020,0.4939,0.0020,0.3896,0.1126,,,,,,,N,130,144,98,106,116,116,155,179,114,134,180,180,178,196,93,95,151,167,114,116,199,201,86,110,180,188,126,170,238,238,287,297
199_08_HYB,SHB,wildpop,,8,0.125,0,,,0.125,0,SHB,0.0010,0.0020,0.0010,0.0010,0.9950,1,SHB,,,3,SHB,,132,132,116,118,116,116,155,155,130,134,180,180,178,178,91,93,167,167,114,114,201,203,122,126,178,178,140,158,238,238,285,285
200_08_HYB,SHB,wildpop,,8,0.133333333,0,,,0.2,0.022203,SHB,0.0010,0.0011,0.0011,0.0010,0.9958,1,SHB,,,3,SHB,,132,132,116,120,116,116,155,155,130,132,180,180,178,178,85,89,167,167,114,114,201,203,110,122,178,178,146,162,238,238,285,287
201_08_SHB,SHB x Multiple,wildpop,,8,,,,,,,MULTIPLE,0.0010,0.0020,0.1070,0.1361,0.7539,,,,,,,N,132,142,116,130,116,116,155,177,130,132,180,182,178,178,91,107,167,167,114,114,201,203,110,110,178,178,158,174,238,238,277,285
202_08_SHB,SHB,wildpop,,8,0.125,0,,,0.0625,0,SHB,0.0010,0.0014,0.0010,0.0019,0.9947,1,SHB,,,3,SHB,,132,132,116,118,116,116,155,155,134,134,180,180,178,178,89,91,167,167,114,114,201,203,110,110,178,178,140,154,238,238,287,287
203_08_SHB,SHB,wildpop,,8,0.125,0,,,0.0625,0,SHB,0.0010,0.0010,0.0010,0.0010,0.9960,1,SHB,,,3,SHB,,132,132,116,118,116,116,155,155,130,132,180,180,178,178,85,89,167,167,114,114,201,203,122,124,178,178,140,156,238,238,287,287
204_08_SHB,SHB,wildpop,,8,0.0625,0,,,0.125,0,SHB,0.0010,0.0010,0.0010,0.0010,0.9960,1,SHB,,,3,SHB,,132,132,116,118,116,116,155,155,130,134,180,180,178,178,85,91,161,167,114,114,203,203,122,124,178,178,140,140,238,238,287,287
205_08_SHB,SHB,wildpop,,8,0.125,0.0088822,,,0.125,0.0256179,SHB,0.0010,0.0040,0.0020,0.0020,0.9910,1,SHB,,,3,SHB,,132,132,116,120,116,116,155,155,130,132,180,180,178,178,89,89,167,167,114,114,201,201,110,110,178,180,154,170,238,238,285,289
206_08_SHB,SHB,wildpop,,8,0.125,0,,,0.125,0,SHB,0.0010,0.0030,0.0010,0.0020,0.9930,1,SHB,,,3,SHB,,130,132,116,118,116,116,155,155,126,130,180,180,178,178,89,91,161,167,114,114,201,201,110,122,178,178,140,156,238,238,287,287
207_08_SHB,SHB,wildpop,,8,0.0625,0,,,0.1875,0,SHB,0.0010,0.0012,0.0010,0.0010,0.9958,1,SHB,,,3,SHB,,128,132,118,118,116,116,155,155,126,134,180,180,178,178,85,85,167,167,114,114,201,203,110,124,178,178,162,164,238,238,285,285
208_08_SHB,SHB,wildpop,,8,0.125,0,,,0.1875,0,SHB,0.0010,0.0020,0.0010,0.0010,0.9950,1,SHB,,,3,SHB,,132,138,116,116,116,116,155,155,130,130,180,180,178,178,85,91,167,167,114,114,201,201,110,110,178,178,158,162,238,238,285,287
209_08_SHB,SHB,wildpop,,8,0,0,,,0.133333333,0,SHB,0.0010,0.0010,0.0010,0.0021,0.9949,1,SHB,,,3,SHB,,132,132,116,118,116,116,155,155,130,134,180,180,178,178,89,113,161,167,114,114,203,203,110,110,178,178,154,162,238,238,285,287
210_08_SHB,SHB,wildpop,,8,0.125,0,,,0.1875,0,SHB,0.0010,0.0017,0.0010,0.0010,0.9953,1,SHB,,,3,SHB,,132,132,116,116,116,116,155,155,130,132,180,180,178,178,89,91,161,167,114,114,201,201,110,122,178,178,156,170,238,238,287,287
211_08_SHB,SHB,wildpop,,8,0,0,,,0.0625,0,SHB,0.0010,0.0020,0.0010,0.0010,0.9950,1,SHB,,,3,SHB,,132,132,116,116,116,116,155,155,130,130,180,180,178,178,85,89,167,167,114,114,201,201,110,124,178,178,158,164,238,238,285,287
212_08_SHB,SHB,wildpop,,8,0.066666667,0,,,0.1875,0.0480422,SHB,0.0010,0.0011,0.0030,0.0014,0.9935,1,SHB,,,3,SHB,,132,132,112,116,116,116,155,155,130,134,180,180,178,178,89,89,167,167,114,114,201,203,110,122,178,178,154,154,238,238,287,289
213_08_SHB,SHB,wildpop,,8,0.133333333,0,,,0.0625,0.0962583,SHB,0.0010,0.0010,0.0020,0.0020,0.9940,1,SHB,,,3,SHB,,128,128,118,118,116,116,155,155,132,134,180,180,178,178,105,105,167,167,114,114,201,203,110,124,178,178,164,170,238,238,285,289
214_08_SHB,SHB,wildpop,,8,0.125,0.0113349,,,0.0625,0,SHB,0.0010,0.0040,0.0010,0.0010,0.9930,1,SHB,,,3,SHB,,132,132,116,116,116,116,155,155,134,134,180,180,178,178,89,91,167,167,114,114,203,203,122,122,178,180,154,154,238,238,285,285
215_08_SHB,SHB,wildpop,,8,0.066666667,0,,,0.133333333,0,SHB,0.0010,0.0020,0.0010,0.0010,0.9950,1,SHB,,,3,SHB,,128,132,118,118,-9,-9,155,155,134,134,180,180,178,178,91,93,167,167,114,114,201,201,110,126,178,178,154,170,238,238,285,287
216_08_SHB,SHB,wildpop,,8,0,0,,,0,0,SHB,0.0010,0.0020,0.0010,0.0010,0.9950,1,SHB,,,3,SHB,,128,132,116,118,116,116,155,155,130,130,180,180,178,178,89,89,167,167,114,114,201,201,126,126,178,178,140,158,238,238,287,289
217_08_SHB,SHB,wildpop,,8,0.125,0,,,0.125,0,SHB,0.0010,0.0030,0.0010,0.0010,0.9940,1,SHB,,,3,SHB,,130,132,116,118,116,116,155,155,126,130,180,180,178,178,85,91,161,167,114,114,201,201,110,122,178,178,154,164,238,238,287,287
218_08_SHB,SHB,wildpop,,8,0.133333333,0,,,0.133333333,0.0719332,SHB,0.0010,0.0020,0.0020,0.0010,0.9940,1,SHB,,,3,SHB,,132,132,120,120,116,116,155,155,130,130,180,180,178,178,89,91,167,167,114,114,201,203,110,122,178,178,146,146,238,238,285,287
219_08_SHB,SHB,wildpop,,8,0.133333333,0,,,0.125,0.0504311,SHB,0.0010,0.0030,0.0011,0.0020,0.9929,1,SHB,,,3,SHB,,130,132,116,116,116,116,155,155,130,134,180,180,178,178,91,105,161,167,114,114,201,203,110,124,178,178,158,164,238,238,285,285
220_08_SHB,SHB,wildpop,,8,0.125,0.0179217,,,0.0625,0,SHB,0.0010,0.0050,0.0010,0.0010,0.9920,1,SHB,,,3,SHB,,128,132,116,118,116,116,155,155,130,130,180,180,178,178,89,91,167,167,114,114,201,201,126,126,178,180,154,154,238,238,287,289
221_08_SHB,F1 SHB x REB,wildpop,,8,,,,,0.428571429,0.2817471,F1 SHB x REB,0.0010,0.0032,0.2165,0.0764,0.7028,,,,,3,F1 SHB x REB,,132,132,116,116,116,116,155,177,130,132,180,182,178,198,89,107,155,167,114,114,201,213,110,110,178,178,126,140,238,238,285,289
222_08_SHB,F1 SHB x REB,wildpop,,8,,,,,0.466666667,0.3483135,F1 SHB x REB,0.0010,0.0020,0.2807,0.0113,0.7050,,,,,3,F1 SHB x REB,,132,142,98,116,116,116,155,155,130,134,180,182,178,178,91,105,155,167,114,114,201,213,110,110,178,184,162,164,238,238,287,287
224_08_SHB,SHB,wildpop,,8,0.0625,0,,,0.125,0,SHB,0.0010,0.0010,0.0010,0.0010,0.9960,1,SHB,,,3,SHB,,132,132,116,118,116,116,155,155,126,126,180,180,178,178,85,91,167,167,114,114,203,203,110,124,178,178,154,158,238,238,285,285
225_08_SHB,SHB,wildpop,,8,0.0625,0,,,0.125,0,SHB,0.0010,0.0020,0.0010,0.0010,0.9950,1,SHB,,,3,SHB,,132,132,116,116,116,116,155,155,126,130,180,180,178,178,91,91,167,167,114,114,201,203,110,122,178,178,156,162,238,238,285,285